Customer_ID,Age,Income,Credit_Score,Credit_Utilization,Missed_Payments,Delinquent_Account,Loan_Balance,Debt_to_Income_Ratio,Employment_Status,Account_Tenure,Credit_Card_Type,Location,Month_1,Month_2,Month_3,Month_4,Month_5,Month_6
CUST0001,56.0,165580.0,398,0.390501928600237,3.0,0.0,16310.0,0.31739611496857,0.0,18.0,4.0,Los Angeles,Late,Late,Missed,Late,Missed,Late
CUST0002,69.0,100999.0,493,0.312444033226017,6.0,1.0,17401.0,0.196092643360821,2.0,0.0,3.0,Phoenix,Missed,Missed,Late,Missed,On-time,On-time
CUST0003,46.0,188416.0,500,0.359930238508409,0.0,0.0,13761.0,0.301654939890911,2.0,1.0,2.0,Chicago,Missed,Late,Late,On-time,Missed,Late
CUST0004,32.0,101672.0,413,0.371400355303824,3.0,0.0,88778.0,0.264794439228806,3.0,15.0,2.0,Phoenix,Late,Missed,Late,Missed,Late,Late
CUST0005,60.0,38524.0,487,0.234715862628201,2.0,0.0,13316.0,0.510583482534848,2.0,11.0,3.0,Phoenix,Missed,On-time,Missed,Late,Late,Late
CUST0006,25.0,84042.0,700,0.650540429714525,6.0,0.0,48361.0,0.260687881080009,3.0,7.0,1.0,New York,On-time,Late,Missed,Missed,Missed,Late
CUST0007,38.0,35056.0,354,0.390580940522579,3.0,0.0,4638.0,0.484265137288334,0.0,17.0,2.0,New York,On-time,Missed,Missed,Late,Missed,Late
CUST0008,56.0,123215.0,415,0.532714667117731,5.0,0.0,55776.0,0.358695229118337,0.0,1.0,4.0,New York,On-time,On-time,On-time,Late,Missed,Late
CUST0009,36.0,66991.0,405,0.413034847617951,5.0,1.0,48953.119442934985,0.219854102927027,0.0,12.0,4.0,Phoenix,On-time,On-time,On-time,Missed,Late,On-time
CUST0010,40.0,34870.0,679,0.361823917542758,4.0,0.0,93922.0,0.333081092525975,0.0,5.0,0.0,Los Angeles,On-time,Missed,Missed,On-time,Missed,Missed
CUST0011,28.0,42532.0,340,0.83445584721737,4.0,0.0,82909.0,0.269559025366218,3.0,5.0,4.0,Chicago,On-time,Late,Missed,Missed,On-time,Late
CUST0012,28.0,70479.0,679,0.684586436441881,3.0,0.0,75777.0,0.324215749074123,3.0,8.0,0.0,Chicago,On-time,Missed,Missed,Late,On-time,Late
CUST0013,41.0,56975.0,320,0.126359920008971,0.0,0.0,15171.0,0.228610901256673,0.0,15.0,3.0,Los Angeles,Late,Late,Missed,Late,On-time,On-time
CUST0014,70.0,117023.0,528,0.105172510332822,5.0,0.0,95136.0,0.469017763334595,1.0,10.0,3.0,Los Angeles,On-time,Missed,Missed,Missed,On-time,On-time
CUST0015,53.0,143148.0,617,0.708521767127297,0.0,0.0,2593.0,0.392539809079672,3.0,6.0,3.0,Chicago,Late,Missed,Late,Late,Late,Late
CUST0016,57.0,159356.0,601,0.396029321690249,0.0,0.0,1514.0,0.303178156816159,2.0,9.0,1.0,Houston,Missed,On-time,Late,Missed,Missed,Late
CUST0017,41.0,146484.0,543,0.170183533213155,3.0,0.0,74039.0,0.472911476806953,2.0,9.0,1.0,New York,Late,Missed,On-time,Missed,Missed,Late
CUST0018,20.0,183152.0,823,0.709147026508068,0.0,1.0,28018.0,0.307427924408284,3.0,19.0,0.0,New York,On-time,On-time,Late,Late,On-time,Late
CUST0019,39.0,81040.0,831,0.533824810019818,5.0,0.0,16034.0,0.409762496486116,3.0,17.0,4.0,Chicago,Missed,On-time,On-time,Late,On-time,Missed
CUST0020,70.0,181319.0,486,0.550314216966463,2.0,0.0,2420.0,0.303830058752242,1.0,19.0,4.0,Los Angeles,Late,Missed,Late,Late,Late,Missed
CUST0021,19.0,199402.0,783,0.661907854401181,4.0,0.0,43942.0,0.339388759481057,2.0,8.0,3.0,Houston,Late,Late,On-time,On-time,On-time,Late
CUST0022,41.0,40351.0,690,0.238004568343521,2.0,1.0,2200.0,0.291856121905722,3.0,14.0,2.0,Chicago,Missed,Missed,On-time,On-time,Late,Missed
CUST0023,61.0,154487.0,321,0.173699835723167,0.0,0.0,81757.0,0.309530135387393,3.0,3.0,1.0,New York,Late,On-time,On-time,On-time,Late,On-time
CUST0024,47.0,108468.0,538,0.81619085898064,2.0,1.0,48654.873828120675,0.317053186038799,1.0,7.0,1.0,Phoenix,Late,Late,Late,On-time,Late,Late
CUST0025,55.0,41646.0,847,0.212566647851541,5.0,0.0,28018.0,0.23302681675116,1.0,8.0,3.0,Los Angeles,On-time,Missed,Missed,Missed,Late,Late
CUST0026,19.0,193998.0,515,0.255552440584887,5.0,0.0,48039.862429265566,0.259893133307691,0.0,12.0,1.0,Phoenix,Late,Missed,On-time,Late,Missed,On-time
CUST0027,38.0,89740.0,789,0.295512924090846,0.0,0.0,89660.0,0.278324498351382,1.0,8.0,3.0,Chicago,Missed,On-time,Missed,Missed,Missed,On-time
CUST0028,50.0,136790.0,525,0.915989184738104,3.0,0.0,43870.0,0.322971101680229,0.0,3.0,0.0,New York,Missed,On-time,Late,Late,Missed,On-time
CUST0029,29.0,86726.0,588,0.598676660082304,2.0,0.0,48811.21138170548,0.296942098049653,2.0,16.0,4.0,Houston,Late,Late,Missed,On-time,Late,On-time
CUST0030,39.0,88523.0,523,0.693081594887076,3.0,0.0,29561.0,0.41730325338257,0.0,15.0,2.0,Phoenix,Late,On-time,On-time,On-time,Late,On-time
CUST0031,61.0,72458.0,374,0.539233509115745,3.0,0.0,60530.0,0.384711831897964,0.0,14.0,4.0,Houston,On-time,Missed,Late,Missed,On-time,Missed
CUST0032,42.0,60106.0,385,0.379622557759753,1.0,0.0,46663.0,0.280367244397462,3.0,2.0,4.0,New York,On-time,Late,Late,On-time,On-time,Missed
CUST0033,66.0,106362.0,806,0.626258256652033,0.0,1.0,11308.0,0.438178389745193,3.0,19.0,0.0,Phoenix,Late,Late,Late,Late,Late,On-time
CUST0034,44.0,99076.0,440,0.188676805840639,4.0,0.0,99005.0,0.487302062357545,0.0,4.0,1.0,Houston,Missed,Late,Late,Missed,On-time,Missed
CUST0035,59.0,69693.0,316,0.280943309580701,5.0,1.0,60278.0,0.1,1.0,4.0,2.0,Houston,On-time,Missed,Late,Late,On-time,Late
CUST0036,45.0,137402.0,464,0.646595035852296,5.0,0.0,65119.0,0.393229008506627,3.0,19.0,1.0,Phoenix,Missed,Missed,Missed,On-time,On-time,On-time
CUST0037,33.0,53756.0,521,0.228548953834643,0.0,0.0,36029.0,0.23070158026685,0.0,14.0,4.0,New York,Late,Missed,Missed,On-time,On-time,Missed
CUST0038,32.0,181319.0,467,0.462183706167625,6.0,0.0,62010.0,0.380074802132329,0.0,17.0,3.0,Houston,Missed,On-time,On-time,On-time,Missed,On-time
CUST0039,64.0,183152.0,823,0.471297531128917,6.0,0.0,87164.0,0.423823794064643,0.0,14.0,4.0,Chicago,Late,On-time,Late,Missed,Missed,On-time
CUST0040,68.0,97750.0,352,0.394267599332567,6.0,0.0,91432.0,0.212300740548944,0.0,1.0,1.0,Phoenix,On-time,Late,Late,On-time,On-time,On-time
CUST0041,61.0,108453.94717120635,372,0.109776305030228,4.0,0.0,44454.0,0.114767290098423,2.0,12.0,4.0,Los Angeles,Late,Missed,Late,On-time,Late,Late
CUST0042,72.0,81617.0,359,0.374214221762261,5.0,0.0,11564.0,0.383543408821586,1.0,3.0,3.0,Los Angeles,Late,On-time,Late,On-time,Missed,Missed
CUST0043,69.0,109038.96013706375,792,0.335006324613502,0.0,1.0,11155.0,0.313540248248361,1.0,9.0,0.0,New York,On-time,Late,Late,Late,Missed,Missed
CUST0044,74.0,66991.0,601,0.532287972657539,5.0,0.0,31198.0,0.133156124609737,0.0,12.0,1.0,Chicago,On-time,Late,On-time,Missed,Missed,Late
CUST0045,20.0,106267.0,751,0.522098107739893,3.0,0.0,86447.0,0.552956450546282,3.0,9.0,4.0,Houston,On-time,Missed,On-time,Late,On-time,Late
CUST0046,54.0,59238.0,401,0.575592291987374,2.0,1.0,49008.86811324676,0.362441941225655,3.0,8.0,1.0,Los Angeles,On-time,Late,Missed,Missed,Late,On-time
CUST0047,68.0,153311.0,326,0.36480274540512,2.0,0.0,5626.0,0.367010004012515,0.0,7.0,0.0,New York,Missed,Missed,On-time,Late,Missed,Late
CUST0048,24.0,146800.0,637,0.604555590093178,5.0,0.0,2687.0,0.436581775256204,0.0,2.0,4.0,Chicago,On-time,Late,On-time,Missed,On-time,On-time
CUST0049,38.0,97750.0,691,0.188798653445263,1.0,0.0,63375.0,0.241917604715349,1.0,15.0,4.0,Chicago,Late,On-time,On-time,On-time,Missed,Late
CUST0050,26.0,118033.0,469,0.135619053469529,4.0,0.0,92865.0,0.313045411208867,0.0,13.0,1.0,New York,Late,Missed,Missed,Late,On-time,Missed
CUST0051,56.0,169865.0,336,0.05,6.0,0.0,92183.0,0.168067808622023,0.0,8.0,1.0,New York,Missed,Late,On-time,Late,Late,On-time
CUST0052,35.0,109074.0,383,0.4001405520856,4.0,0.0,48650.51778136091,0.239205155271481,0.0,10.0,3.0,Houston,Late,Missed,Late,Late,Missed,On-time
CUST0053,21.0,185806.0,823,0.349340355132288,4.0,0.0,48098.7649646963,0.338566000046923,0.0,2.0,0.0,New York,Missed,Missed,Late,On-time,On-time,Missed
CUST0054,42.0,194819.0,339,0.65786312237092,3.0,0.0,29427.0,0.133471533286754,0.0,4.0,3.0,Houston,Late,Missed,On-time,On-time,On-time,Missed
CUST0055,31.0,90353.0,711,0.370267482590226,4.0,0.0,69342.0,0.236371045432191,1.0,9.0,4.0,Houston,Late,On-time,On-time,On-time,Late,Late
CUST0056,67.0,198401.0,715,0.554675269588853,2.0,0.0,17401.0,0.207206604006227,1.0,12.0,1.0,Phoenix,On-time,Late,Late,On-time,Late,Late
CUST0057,26.0,76629.0,673,0.662659315316615,3.0,0.0,35372.0,0.314209224562034,0.0,3.0,4.0,Chicago,On-time,Late,Late,Late,Missed,On-time
CUST0058,43.0,107193.0,843,0.362736184870176,0.0,0.0,70793.0,0.357470126166534,0.0,12.0,4.0,Chicago,Missed,Missed,Missed,Missed,Late,On-time
CUST0059,70.0,81040.0,401,0.559610442021435,4.0,0.0,63443.0,0.374215280437645,1.0,11.0,2.0,Chicago,Late,Missed,Missed,Missed,Late,Missed
CUST0060,19.0,108577.09848208043,538,0.700385509791039,4.0,0.0,37445.0,0.399881664477815,0.0,4.0,2.0,Phoenix,On-time,Late,Missed,Late,Missed,On-time
CUST0061,37.0,140899.0,826,0.252367445038886,0.0,1.0,64950.0,0.437211684657237,3.0,9.0,4.0,Houston,On-time,Missed,Late,Missed,Missed,On-time
CUST0062,45.0,184160.0,475,0.504970467648928,4.0,0.0,49893.0,0.36072454536834,0.0,8.0,1.0,Houston,Late,Missed,On-time,On-time,Missed,Missed
CUST0063,64.0,155507.0,801,0.363593123360137,0.0,0.0,81202.0,0.488733589889441,1.0,19.0,4.0,New York,Missed,Late,Late,On-time,Late,On-time
CUST0064,24.0,109074.0,739,0.265102023501372,3.0,0.0,54247.0,0.311950252126468,2.0,6.0,2.0,Phoenix,Missed,Missed,Missed,Missed,On-time,Missed
CUST0065,61.0,43251.0,773,0.192709651901954,2.0,0.0,86488.0,0.282667884574945,3.0,1.0,1.0,New York,On-time,Missed,Late,On-time,On-time,Late
CUST0066,25.0,117634.0,815,0.261870285564259,0.0,0.0,95267.0,0.360730736336004,0.0,6.0,4.0,Phoenix,Missed,On-time,Missed,Missed,Late,Missed
CUST0067,64.0,107495.73460962024,612,0.512005801150402,1.0,0.0,99005.0,0.278358882500741,1.0,7.0,0.0,New York,On-time,Late,On-time,Missed,On-time,On-time
CUST0068,52.0,172164.0,600,0.17783110888765,0.0,0.0,7468.0,0.485256472877504,0.0,6.0,0.0,Los Angeles,Missed,Missed,On-time,Late,Late,Missed
CUST0069,31.0,107741.32577205081,796,0.389854595182272,4.0,0.0,85026.0,0.413098347313521,0.0,13.0,4.0,Chicago,Missed,Late,Missed,Late,Late,Missed
CUST0070,34.0,81617.0,822,0.662638881370579,6.0,0.0,24917.0,0.375027814419951,2.0,18.0,1.0,Chicago,Late,Missed,On-time,On-time,On-time,Missed
CUST0071,53.0,196415.0,797,0.589802192683787,6.0,1.0,77348.0,0.313141934404135,0.0,4.0,4.0,Houston,On-time,On-time,Missed,Missed,On-time,Late
CUST0072,67.0,159572.0,371,0.393898475412368,3.0,0.0,16310.0,0.259252282858513,3.0,17.0,4.0,Los Angeles,Missed,On-time,On-time,Missed,On-time,On-time
CUST0073,57.0,136465.0,567,0.837938082671744,5.0,0.0,95303.0,0.370132500456776,0.0,19.0,2.0,Chicago,Late,Late,Missed,On-time,On-time,Missed
CUST0074,21.0,36447.0,448,0.878607282782332,3.0,0.0,13355.0,0.187290254815304,2.0,11.0,0.0,Houston,On-time,On-time,Missed,Late,On-time,Missed
CUST0075,19.0,159188.0,835,0.505224486307945,5.0,0.0,96507.0,0.453436353344102,0.0,16.0,2.0,Los Angeles,On-time,On-time,On-time,Missed,On-time,On-time
CUST0076,23.0,181267.0,542,0.05,6.0,0.0,24851.0,0.282236329461462,1.0,12.0,2.0,Chicago,Missed,Missed,Late,Missed,Late,On-time
CUST0077,71.0,108814.90566490678,611,0.677289639403251,6.0,0.0,23908.0,0.330510673324072,0.0,1.0,4.0,New York,Late,Missed,Late,On-time,Missed,Missed
CUST0078,59.0,59425.0,577,0.05,0.0,0.0,65548.0,0.209039892380671,3.0,12.0,2.0,Phoenix,Missed,On-time,On-time,On-time,On-time,On-time
CUST0079,21.0,97844.0,728,0.795229222144013,2.0,0.0,82909.0,0.372298626311922,0.0,6.0,0.0,Los Angeles,On-time,Missed,On-time,Late,On-time,Late
CUST0080,71.0,115235.0,427,0.716716980148459,1.0,0.0,31454.0,0.254625838716167,0.0,9.0,2.0,Houston,Missed,On-time,Late,On-time,On-time,Late
CUST0081,46.0,189358.0,824,0.854842500827604,3.0,0.0,4617.0,0.364922879030509,1.0,5.0,0.0,Los Angeles,Missed,Late,Late,On-time,Late,On-time
CUST0082,35.0,88847.0,686,0.552053111673545,4.0,0.0,92329.0,0.375739346897738,1.0,2.0,2.0,Houston,Late,Late,Missed,On-time,Late,Late
CUST0083,43.0,172504.0,835,0.427722846563632,5.0,0.0,28298.0,0.235236788641145,3.0,2.0,0.0,Los Angeles,On-time,Missed,Late,Late,Missed,Missed
CUST0084,61.0,115235.0,820,0.409979773261955,4.0,0.0,10942.0,0.1876470879086,1.0,17.0,2.0,Houston,Late,Late,Missed,Late,Late,Late
CUST0085,51.0,186230.0,336,0.39074796579382,2.0,0.0,51440.0,0.453189991654454,0.0,10.0,2.0,Chicago,On-time,Missed,Late,On-time,Late,On-time
CUST0086,27.0,80215.0,572,0.69621373073494,5.0,0.0,12707.0,0.280770096597091,0.0,19.0,1.0,New York,Missed,Missed,On-time,Late,Missed,On-time
CUST0087,53.0,141131.0,601,0.642454297901175,3.0,1.0,92865.0,0.322484881604563,3.0,4.0,0.0,Chicago,On-time,Missed,On-time,Late,On-time,Missed
CUST0088,31.0,188416.0,680,0.524045126686842,0.0,0.0,35598.0,0.348546452464674,1.0,18.0,0.0,New York,On-time,Late,On-time,Late,Missed,On-time
CUST0089,48.0,129585.0,458,0.355563738414605,4.0,0.0,51431.0,0.174629987010177,1.0,18.0,0.0,Chicago,On-time,Late,Missed,Late,Missed,On-time
CUST0090,65.0,127856.0,361,1.02584252626005,2.0,0.0,2200.0,0.346266613681988,0.0,14.0,3.0,Chicago,On-time,Late,On-time,Missed,Missed,On-time
CUST0091,32.0,90353.0,664,0.682474922792573,3.0,0.0,20525.0,0.309912653615463,0.0,15.0,2.0,Los Angeles,On-time,Late,Late,On-time,On-time,Late
CUST0092,25.0,18709.0,444,0.180457616045318,6.0,0.0,44437.0,0.23564693022956,0.0,8.0,0.0,Phoenix,Missed,Late,Late,On-time,On-time,Late
CUST0093,31.0,90353.0,372,0.396748796812574,6.0,0.0,59192.0,0.184346401516227,1.0,3.0,3.0,Houston,Late,Late,Missed,On-time,Missed,On-time
CUST0094,40.0,108929.1783474393,439,0.686355219481741,3.0,0.0,17401.0,0.360588554795727,0.0,14.0,1.0,Houston,On-time,Late,Missed,On-time,On-time,Late
CUST0095,74.0,35056.0,648,0.340092215753463,3.0,0.0,67236.0,0.412771200819487,3.0,11.0,0.0,Houston,Missed,Late,Missed,Missed,Missed,On-time
CUST0096,57.0,90353.0,306,0.570309591765177,3.0,0.0,11251.0,0.31785905173928,1.0,2.0,0.0,New York,On-time,Late,Missed,Late,Missed,Missed
CUST0097,38.0,121357.0,742,0.690159260067229,5.0,0.0,8110.0,0.156553465815031,2.0,13.0,3.0,Houston,On-time,On-time,Missed,Missed,On-time,On-time
CUST0098,33.0,152326.0,383,0.05,3.0,0.0,10778.0,0.194266718282526,3.0,16.0,2.0,Houston,Missed,Late,On-time,On-time,Missed,On-time
CUST0099,62.0,189197.0,639,0.478392460042149,4.0,1.0,50183.0,0.256787629067594,0.0,18.0,1.0,Los Angeles,Missed,Late,On-time,Missed,On-time,Late
CUST0100,35.0,54298.0,495,0.486241830713024,2.0,0.0,13355.0,0.456461974116075,1.0,5.0,0.0,Chicago,Late,Missed,Missed,Late,Late,Late
CUST0101,64.0,106007.0,820,0.417585508863242,5.0,0.0,11061.0,0.275324933790112,0.0,3.0,2.0,Houston,On-time,Late,Missed,Late,Late,Missed
CUST0102,70.0,155734.0,563,0.560339026989208,3.0,0.0,79354.0,0.25314310772018,2.0,6.0,1.0,Phoenix,Late,Missed,Missed,Missed,Missed,On-time
CUST0103,41.0,163216.0,429,0.631503921499174,1.0,1.0,48261.20408987959,0.132651520032388,1.0,18.0,4.0,Houston,Late,Missed,Late,Late,Missed,On-time
CUST0104,43.0,107658.0,679,0.528410188864921,1.0,0.0,60628.0,0.234331520988988,0.0,16.0,4.0,New York,Late,On-time,Late,Late,Missed,Missed
CUST0105,42.0,178165.0,383,0.425234521190113,2.0,0.0,48153.712279144325,0.176706364600916,2.0,15.0,1.0,New York,Missed,On-time,Missed,On-time,On-time,Late
CUST0106,62.0,99076.0,340,0.626524259956853,6.0,0.0,30443.0,0.199682016907719,1.0,14.0,3.0,New York,Late,Late,Late,Missed,Missed,Missed
CUST0107,58.0,117023.0,339,0.509810681854871,0.0,0.0,42556.0,0.311995068015874,0.0,7.0,1.0,Houston,On-time,On-time,Late,Late,Late,On-time
CUST0108,46.0,127816.0,820,0.453859917360904,0.0,0.0,94000.0,0.259883579438882,2.0,18.0,1.0,Los Angeles,Missed,Missed,Late,On-time,On-time,Missed
CUST0109,32.0,19748.0,354,0.237544122932216,6.0,0.0,29584.0,0.469949445267134,0.0,7.0,3.0,Phoenix,Missed,Late,On-time,Late,Missed,Late
CUST0110,62.0,170026.0,523,0.187469042946784,5.0,0.0,64950.0,0.407800337270747,0.0,17.0,3.0,Houston,Missed,Missed,On-time,Late,On-time,On-time
CUST0111,18.0,43732.0,474,0.233754041457185,5.0,0.0,76774.0,0.239111606218966,2.0,15.0,2.0,Los Angeles,Missed,Missed,On-time,Late,Late,Late
CUST0112,42.0,16015.0,332,0.555665812244043,5.0,0.0,8828.0,0.208318215825948,2.0,19.0,2.0,Los Angeles,Late,Missed,Late,Late,Late,On-time
CUST0113,24.0,153311.0,475,0.484184250478729,0.0,1.0,692.0,0.438264193566419,0.0,18.0,3.0,Houston,Missed,Late,Late,Late,Missed,On-time
CUST0114,26.0,107869.24793924917,725,0.203943180358507,1.0,0.0,77743.0,0.466004248948348,0.0,9.0,4.0,Houston,On-time,Late,Late,Late,On-time,On-time
CUST0115,41.0,138961.0,826,0.629183565158762,0.0,0.0,32588.0,0.1,2.0,16.0,4.0,Los Angeles,On-time,On-time,Missed,Late,Missed,Late
CUST0116,18.0,121884.0,581,0.774861902635819,4.0,0.0,48558.404492776855,0.30928576239717,1.0,12.0,1.0,Los Angeles,On-time,Late,Late,Late,Missed,Late
CUST0117,61.0,19835.0,629,0.380301276656732,3.0,1.0,55980.0,0.274812169210327,3.0,12.0,0.0,Los Angeles,Late,Late,Missed,Missed,Missed,Missed
CUST0118,25.0,84724.0,655,0.151803628526325,5.0,0.0,22510.0,0.364912014005993,0.0,6.0,1.0,Houston,Late,Late,On-time,Late,On-time,Late
CUST0119,41.0,125448.0,644,0.358174723019617,1.0,1.0,82909.0,0.49426681241615,0.0,9.0,1.0,Los Angeles,On-time,Late,On-time,Missed,Late,Missed
CUST0120,28.0,134156.0,584,0.670892125358938,2.0,0.0,30509.0,0.25159429806722,0.0,1.0,0.0,New York,Late,Missed,Late,Late,On-time,Missed
CUST0121,68.0,190333.0,526,0.609705971706954,2.0,0.0,48066.21570506552,0.1,0.0,3.0,3.0,Houston,Missed,On-time,Missed,On-time,On-time,Missed
CUST0122,34.0,125226.0,354,0.315513462797704,3.0,0.0,35598.0,0.357900770014926,0.0,5.0,4.0,New York,Late,On-time,On-time,Late,Missed,On-time
CUST0123,25.0,80953.0,623,0.804234427552948,1.0,1.0,71588.0,0.43899640686042,0.0,17.0,1.0,Chicago,On-time,On-time,Missed,Missed,On-time,Missed
CUST0124,52.0,129692.0,522,0.769656013185279,0.0,0.0,36955.0,0.269624021848022,2.0,5.0,0.0,Houston,Late,On-time,On-time,Late,On-time,Late
CUST0125,52.0,199402.0,427,0.353398787344671,0.0,1.0,48001.00515549408,0.229496251986033,0.0,16.0,2.0,Chicago,On-time,On-time,Late,On-time,Missed,Missed
CUST0126,50.0,90880.0,800,0.351341999407006,4.0,1.0,89537.0,0.25627405946223,0.0,13.0,1.0,Los Angeles,On-time,On-time,Missed,Late,On-time,Late
CUST0127,22.0,118081.0,623,0.381434412524102,4.0,0.0,16034.0,0.385020536713123,0.0,10.0,4.0,Los Angeles,Late,On-time,Late,Missed,Late,On-time
CUST0128,59.0,115497.0,693,0.39853344492229,0.0,0.0,89537.0,0.254553905871501,3.0,18.0,3.0,Phoenix,On-time,Late,Late,Missed,Missed,Late
CUST0129,56.0,199402.0,777,0.690107601585688,2.0,1.0,96507.0,0.332876030034284,1.0,1.0,1.0,Los Angeles,Late,Missed,On-time,Missed,Missed,Missed
CUST0130,58.0,166836.0,781,0.585065812095318,5.0,0.0,76445.0,0.302780291573994,2.0,2.0,1.0,Chicago,On-time,On-time,Missed,Missed,Late,Missed
CUST0131,45.0,187627.0,766,0.675415753870117,2.0,0.0,20052.0,0.292462038757723,0.0,10.0,0.0,Los Angeles,On-time,On-time,On-time,On-time,Missed,Late
CUST0132,24.0,73141.0,717,0.63471302863734,4.0,0.0,36913.0,0.370129232675223,0.0,5.0,2.0,Houston,Late,Late,Missed,Late,Missed,On-time
CUST0133,26.0,180983.0,427,0.842905413638746,3.0,0.0,77209.0,0.25214201001358,1.0,13.0,2.0,Los Angeles,Missed,Late,Missed,Late,Missed,Late
CUST0134,25.0,168772.0,388,0.288122891238171,0.0,1.0,94363.0,0.256941343981772,2.0,18.0,3.0,Phoenix,Missed,On-time,On-time,Missed,Missed,Missed
CUST0135,29.0,16252.0,441,0.576071706076783,4.0,0.0,96056.0,0.379760284999975,0.0,15.0,4.0,Los Angeles,Late,On-time,Late,On-time,Missed,Late
CUST0136,51.0,118333.0,346,0.0652357487530604,4.0,0.0,20081.0,0.201307467583134,0.0,6.0,3.0,Chicago,On-time,On-time,Missed,Missed,Missed,Late
CUST0137,50.0,192247.0,387,0.236608885180628,5.0,0.0,28730.0,0.211977980917767,3.0,7.0,1.0,Chicago,Missed,Missed,On-time,Missed,On-time,On-time
CUST0138,65.0,199294.0,505,0.48502932281303,0.0,0.0,85107.0,0.17396857086564,0.0,18.0,1.0,Los Angeles,Late,Late,Missed,Missed,On-time,On-time
CUST0139,72.0,138961.0,402,0.583641322550907,5.0,1.0,42556.0,0.384901091327655,3.0,19.0,2.0,Chicago,Missed,On-time,On-time,Late,Late,On-time
CUST0140,40.0,129548.0,794,0.479636851594086,0.0,0.0,16693.0,0.289476303191873,0.0,15.0,4.0,Chicago,On-time,On-time,On-time,Late,Late,On-time
CUST0141,41.0,58088.0,567,0.386561516237464,5.0,0.0,10951.0,0.168638485392093,2.0,6.0,0.0,Phoenix,On-time,Late,Missed,On-time,Missed,On-time
CUST0142,54.0,30485.0,617,0.422116424501392,2.0,0.0,76861.0,0.385380856230906,0.0,8.0,4.0,Houston,Late,On-time,Missed,Late,Missed,Late
CUST0143,52.0,178165.0,823,0.77388819528482,3.0,0.0,19977.0,0.244445783842456,3.0,12.0,1.0,Phoenix,On-time,Late,On-time,Missed,On-time,Late
CUST0144,61.0,77292.0,414,0.423193564423971,3.0,1.0,60348.0,0.212832192116311,3.0,0.0,0.0,New York,On-time,Late,Missed,On-time,On-time,On-time
CUST0145,57.0,109173.51750487549,694,0.849848324408705,0.0,0.0,3494.0,0.280432144112304,3.0,7.0,4.0,Phoenix,On-time,Missed,On-time,Missed,Late,On-time
CUST0146,39.0,41790.0,681,0.658803414708226,1.0,0.0,17913.0,0.447872360946789,1.0,3.0,4.0,Los Angeles,Missed,Late,On-time,Late,Late,Missed
CUST0147,44.0,31364.0,757,0.591507469229646,6.0,0.0,10942.0,0.260503780350342,0.0,2.0,0.0,Houston,Late,On-time,Late,Missed,Late,On-time
CUST0148,52.0,129692.0,826,0.2612806179358,4.0,1.0,5539.0,0.357533886411558,2.0,2.0,1.0,Los Angeles,Missed,Late,Missed,Late,Late,Late
CUST0149,18.0,15404.0,588,0.687047632279925,4.0,0.0,91432.0,0.372708002045095,0.0,12.0,4.0,New York,On-time,On-time,On-time,Late,On-time,On-time
CUST0150,52.0,32955.0,302,0.4012458844503,0.0,0.0,19796.0,0.34432732980064,0.0,7.0,0.0,Houston,Late,On-time,On-time,Late,On-time,Late
CUST0151,54.0,53513.0,328,0.26111204839886,5.0,0.0,95276.0,0.427107164967426,0.0,6.0,1.0,Chicago,On-time,Late,Late,Missed,Late,Missed
CUST0152,64.0,189197.0,524,0.602568722615875,1.0,1.0,6118.0,0.229288399536772,3.0,0.0,0.0,Phoenix,On-time,Missed,On-time,Late,On-time,Late
CUST0153,31.0,97986.0,326,0.222410787886692,2.0,0.0,34897.0,0.195666515694966,3.0,15.0,0.0,Los Angeles,On-time,Late,Missed,On-time,Missed,Missed
CUST0154,20.0,108549.70975730367,718,0.347551707574083,5.0,0.0,39006.0,0.1937033343975,3.0,5.0,4.0,New York,On-time,Missed,Missed,Late,Late,Missed
CUST0155,18.0,116570.0,823,0.497976817706217,5.0,0.0,36342.0,0.28555315847002,0.0,6.0,1.0,Chicago,Missed,Missed,Missed,Late,Late,Late
CUST0156,22.0,119185.0,711,0.943684284822945,0.0,0.0,44454.0,0.205295334215947,0.0,11.0,4.0,Phoenix,Late,Missed,On-time,Late,Missed,Missed
CUST0157,43.0,136465.0,823,0.362616848841502,0.0,0.0,92381.0,0.314754091186532,0.0,8.0,3.0,Chicago,On-time,Late,Late,Late,Late,Missed
CUST0158,72.0,21801.0,805,0.408356696139884,4.0,1.0,95267.0,0.307698841972489,1.0,10.0,3.0,Phoenix,On-time,On-time,Late,Late,Missed,Missed
CUST0159,31.0,15404.0,316,0.646469010884329,0.0,0.0,71791.0,0.401857330318604,2.0,9.0,1.0,Houston,Late,On-time,On-time,On-time,Missed,On-time
CUST0160,56.0,54081.0,566,0.25234086232479,0.0,0.0,43927.0,0.329114430823604,0.0,0.0,0.0,Chicago,On-time,Late,Missed,On-time,Late,On-time
CUST0161,44.0,74494.0,319,0.588561276204183,0.0,0.0,48397.0,0.258384814413855,0.0,17.0,4.0,Chicago,On-time,Late,Missed,On-time,On-time,Late
CUST0162,26.0,89740.0,385,0.741185361523317,4.0,0.0,96485.0,0.341084920443268,1.0,3.0,4.0,Chicago,Late,Missed,Missed,Late,On-time,Late
CUST0163,32.0,116570.0,402,0.438581023057779,2.0,0.0,26000.0,0.196980598010205,1.0,4.0,1.0,Houston,Missed,Missed,On-time,Late,Late,Late
CUST0164,32.0,117795.0,670,0.705230856279373,2.0,1.0,14417.0,0.296185931197568,1.0,8.0,1.0,New York,Missed,Missed,On-time,Missed,On-time,On-time
CUST0165,43.0,97844.0,391,0.558289984642361,6.0,0.0,48731.268087427474,0.331940123359558,3.0,16.0,3.0,Phoenix,Missed,Late,Late,Missed,Missed,Late
CUST0166,59.0,100999.0,457,0.353863607239243,6.0,0.0,50989.0,0.312931759815012,2.0,2.0,2.0,Chicago,Missed,Missed,Late,On-time,Late,Missed
CUST0167,30.0,21970.0,328,0.460439062820698,0.0,0.0,85107.0,0.341506509493598,0.0,15.0,1.0,Houston,On-time,On-time,Missed,Missed,Late,On-time
CUST0168,68.0,185883.0,604,0.424048532003951,6.0,0.0,13761.0,0.23559539842872,0.0,4.0,2.0,New York,On-time,Late,Missed,Missed,On-time,Late
CUST0169,49.0,53513.0,339,0.482472348436704,4.0,0.0,26549.0,0.415203140280951,1.0,15.0,1.0,Phoenix,On-time,Late,Missed,On-time,Missed,Late
CUST0170,56.0,150230.0,766,0.530543579843965,2.0,0.0,5539.0,0.48221689493957,0.0,2.0,0.0,Houston,On-time,Missed,On-time,On-time,Late,On-time
CUST0171,66.0,38959.0,310,0.617639986994371,5.0,1.0,67460.0,0.13973238551414,2.0,19.0,0.0,Phoenix,Missed,Late,Late,Missed,Late,On-time
CUST0172,69.0,172504.0,677,0.601733649917427,2.0,0.0,98999.0,0.178440200404575,2.0,14.0,3.0,Chicago,Missed,On-time,On-time,Missed,On-time,Late
CUST0173,49.0,101188.0,818,0.05,2.0,0.0,74403.0,0.304308300802438,0.0,2.0,3.0,New York,On-time,On-time,Missed,On-time,On-time,Late
CUST0174,21.0,47217.0,383,0.480538362245594,4.0,1.0,31316.0,0.274344901944712,0.0,19.0,2.0,Houston,On-time,Late,On-time,Missed,Missed,Missed
CUST0175,47.0,72458.0,407,0.198115617318647,6.0,0.0,37445.0,0.489641240577278,0.0,13.0,1.0,New York,Late,Missed,Missed,Late,Late,Late
CUST0176,54.0,76476.0,788,0.444854549506534,5.0,0.0,69963.0,0.321978432342446,2.0,15.0,4.0,Chicago,On-time,Missed,Late,Missed,Missed,Late
CUST0177,40.0,159356.0,339,0.475242082437816,4.0,0.0,68636.0,0.439254525372595,2.0,16.0,3.0,New York,Late,On-time,Missed,On-time,Missed,Late
CUST0178,56.0,165580.0,447,0.695229671616941,0.0,0.0,48244.205311859645,0.1,2.0,19.0,4.0,New York,Late,Late,Late,Late,On-time,On-time
CUST0179,62.0,108610.0,446,0.49397690657998,3.0,0.0,11061.0,0.381416948333235,0.0,17.0,4.0,Los Angeles,Late,Late,Missed,Late,On-time,Missed
CUST0180,32.0,182280.0,467,0.551843603668652,2.0,0.0,74433.0,0.228448318074167,1.0,17.0,1.0,New York,Late,Late,On-time,Late,Missed,Missed
CUST0181,60.0,127816.0,638,0.658611276131485,3.0,0.0,50183.0,0.226845743038034,1.0,13.0,2.0,Phoenix,On-time,Missed,Late,Missed,On-time,Late
CUST0182,46.0,149415.0,605,0.74555045196386,4.0,0.0,30549.0,0.275164197358787,0.0,17.0,1.0,Houston,Late,Late,On-time,Missed,Missed,On-time
CUST0183,53.0,120616.0,469,0.475397215328617,4.0,0.0,69666.0,0.15754163602689,1.0,14.0,3.0,Los Angeles,Late,Missed,Late,Missed,On-time,Missed
CUST0184,30.0,199943.0,429,0.518835888336081,4.0,0.0,10951.0,0.344278552532185,3.0,14.0,4.0,Houston,Late,Late,Late,Missed,Late,Missed
CUST0185,49.0,178551.0,811,0.50200466044845,3.0,0.0,47721.0,0.319071496671679,0.0,5.0,1.0,Houston,On-time,Late,On-time,Missed,Late,Late
CUST0186,24.0,68932.0,792,0.391480207113784,4.0,0.0,84521.0,0.326619224818727,2.0,14.0,1.0,Chicago,On-time,On-time,Missed,Late,Late,On-time
CUST0187,68.0,23702.0,401,0.346176955311522,0.0,0.0,31198.0,0.38870310221329,1.0,17.0,1.0,Chicago,Late,Late,Missed,On-time,On-time,On-time
CUST0188,39.0,109097.97113913189,826,0.05,4.0,1.0,7796.0,0.451478204619415,0.0,3.0,3.0,Los Angeles,Missed,On-time,Late,On-time,On-time,Late
CUST0189,45.0,67528.0,526,0.284667813095134,1.0,0.0,64950.0,0.263628895091245,1.0,7.0,2.0,Chicago,On-time,On-time,On-time,Late,Missed,Late
CUST0190,19.0,162851.0,523,0.144273833358039,6.0,0.0,44437.0,0.347735063973647,0.0,14.0,1.0,Chicago,Missed,On-time,On-time,Late,On-time,Late
CUST0191,59.0,183513.0,800,0.75103969689065,3.0,1.0,49016.0,0.329298820833497,2.0,2.0,3.0,Chicago,Missed,On-time,Late,Late,Late,On-time
CUST0192,62.0,42192.0,301,0.537683201659485,1.0,0.0,49131.439913167764,0.337761450632894,0.0,14.0,4.0,Houston,Missed,Missed,Late,Missed,On-time,Late
CUST0193,74.0,32019.0,475,0.474812205410633,4.0,0.0,22835.0,0.339259766446598,2.0,12.0,0.0,Los Angeles,On-time,On-time,On-time,On-time,Missed,Missed
CUST0194,70.0,67638.0,612,0.356502962783783,0.0,0.0,34897.0,0.459050334456483,0.0,8.0,3.0,Houston,Missed,Late,Missed,Missed,Missed,Missed
CUST0195,23.0,198401.0,820,0.505955852646924,2.0,1.0,42556.0,0.25403231315107,0.0,1.0,0.0,Phoenix,Missed,Missed,Missed,Late,On-time,Late
CUST0196,45.0,153429.0,836,0.330404024468933,5.0,0.0,48331.57471486386,0.147426409679631,1.0,7.0,1.0,Houston,Late,On-time,Missed,Late,Late,Missed
CUST0197,45.0,141020.0,670,0.53480371132412,6.0,0.0,39259.0,0.230212623138411,1.0,19.0,1.0,Phoenix,On-time,Late,On-time,Missed,Late,Missed
CUST0198,61.0,59238.0,847,0.54914679658427,5.0,1.0,22835.0,0.37572669335354,3.0,16.0,3.0,New York,On-time,Missed,Missed,On-time,On-time,On-time
CUST0199,61.0,88847.0,751,0.327723259528651,4.0,0.0,72809.0,0.302332950864717,0.0,12.0,0.0,New York,Missed,Late,Late,On-time,Missed,Missed
CUST0200,37.0,69098.0,648,0.323907607035518,6.0,0.0,85014.0,0.2532400659505,1.0,0.0,1.0,Phoenix,Late,Late,Missed,On-time,On-time,Late
CUST0201,47.0,62295.0,383,0.692439870919023,6.0,0.0,49016.0,0.192350273159035,0.0,1.0,4.0,Phoenix,On-time,Late,Late,Late,Missed,On-time
CUST0202,28.0,164143.0,310,0.489428009141739,0.0,0.0,95376.0,0.322128612173053,0.0,14.0,2.0,Houston,Missed,Missed,Missed,Missed,On-time,Missed
CUST0203,72.0,143778.0,352,0.343795914147021,6.0,0.0,10778.0,0.36445062752738,0.0,11.0,2.0,Phoenix,Missed,On-time,Late,Late,Missed,Late
CUST0204,45.0,154487.0,725,0.425898739662096,3.0,0.0,95930.0,0.330587205509602,0.0,13.0,1.0,Los Angeles,Missed,Late,Late,Missed,Missed,Missed
CUST0205,42.0,107658.0,836,0.297881182658678,1.0,0.0,27697.0,0.274666966884505,3.0,1.0,0.0,New York,Late,Missed,On-time,Late,Late,On-time
CUST0206,56.0,166456.0,522,0.486563283867616,1.0,1.0,33772.0,0.314664128429746,1.0,17.0,1.0,New York,On-time,On-time,Missed,Late,Missed,On-time
CUST0207,50.0,36447.0,610,0.666325661532893,1.0,0.0,42637.0,0.314084296655741,0.0,6.0,0.0,Phoenix,On-time,Missed,Missed,Late,Late,Late
CUST0208,18.0,165159.0,679,0.494465866481147,3.0,0.0,3081.0,0.318969693121766,2.0,5.0,4.0,Chicago,Missed,Missed,On-time,On-time,Late,On-time
CUST0209,74.0,108380.20281890017,709,0.972726688735077,5.0,0.0,48655.50352290221,0.181569504898087,0.0,13.0,0.0,Chicago,On-time,On-time,Missed,Missed,Missed,On-time
CUST0210,44.0,40934.0,566,0.5842719136098,0.0,0.0,8828.0,0.319732635061487,0.0,7.0,1.0,Phoenix,On-time,On-time,On-time,Missed,Missed,Missed
CUST0211,74.0,58088.0,701,0.545990889568442,6.0,0.0,1217.0,0.25594035315338,0.0,1.0,4.0,Los Angeles,Late,On-time,Missed,Missed,On-time,On-time
CUST0212,69.0,149415.0,618,0.318339573806838,3.0,0.0,83604.0,0.404061860600975,1.0,16.0,3.0,Chicago,Late,Late,Missed,On-time,On-time,Missed
CUST0213,30.0,84836.0,776,0.452293310631466,1.0,0.0,82909.0,0.313291864175027,2.0,4.0,2.0,Phoenix,Late,On-time,Late,On-time,Missed,On-time
CUST0214,58.0,97986.0,792,0.344197231393261,4.0,0.0,13761.0,0.383547922182289,3.0,13.0,1.0,Los Angeles,Missed,Late,On-time,On-time,Late,Missed
CUST0215,20.0,166836.0,600,0.0668709543191752,2.0,0.0,47695.0,0.269821861295024,3.0,19.0,1.0,Los Angeles,On-time,Missed,Late,On-time,On-time,On-time
CUST0216,56.0,191517.0,781,0.694852444425761,6.0,0.0,11564.0,0.273428616238854,2.0,2.0,1.0,Houston,Late,On-time,On-time,On-time,Late,Missed
CUST0217,23.0,38289.0,682,0.397709888889953,3.0,0.0,43870.0,0.449425124625633,0.0,4.0,4.0,Los Angeles,On-time,Missed,On-time,Missed,Missed,Missed
CUST0218,25.0,115497.0,617,0.347919985133338,3.0,0.0,92149.0,0.34363351884155,1.0,15.0,3.0,Chicago,On-time,Late,Late,On-time,Missed,Missed
CUST0219,44.0,72108.0,339,0.542114006791693,0.0,0.0,23748.0,0.228548546759426,0.0,17.0,0.0,Chicago,On-time,On-time,Late,Missed,On-time,Missed
CUST0220,26.0,54298.0,836,0.602499910444303,0.0,0.0,15424.0,0.389697443862047,2.0,16.0,3.0,Phoenix,On-time,Missed,Late,Missed,Missed,Missed
CUST0221,54.0,187312.0,825,0.435845033418744,3.0,0.0,21613.0,0.246669526657212,0.0,10.0,4.0,Phoenix,Late,Missed,On-time,Late,Missed,Late
CUST0222,50.0,146456.0,768,0.499479666478196,1.0,1.0,41743.0,0.322569813781152,0.0,16.0,1.0,Los Angeles,Late,Late,Missed,Missed,On-time,Late
CUST0223,68.0,52131.0,565,0.64923748146288,2.0,0.0,24851.0,0.48366746308594,3.0,15.0,2.0,New York,Missed,On-time,Late,On-time,Late,Late
CUST0224,59.0,88963.0,572,0.42796128107801,6.0,0.0,41958.0,0.156871761236194,2.0,1.0,1.0,Houston,On-time,Missed,On-time,Late,Missed,On-time
CUST0225,61.0,107512.28580551065,535,0.560466748352666,0.0,0.0,98062.0,0.282421807823346,3.0,3.0,0.0,New York,Late,On-time,On-time,Late,Late,Missed
CUST0226,41.0,180983.0,776,0.168151076322169,6.0,0.0,14756.0,0.340827164090203,0.0,6.0,2.0,Los Angeles,Missed,On-time,On-time,Late,Late,Late
CUST0227,32.0,20569.0,823,0.25173620031445,1.0,0.0,11061.0,0.376469833466467,3.0,1.0,1.0,Los Angeles,Late,Late,Missed,Missed,On-time,Missed
CUST0228,71.0,150683.0,820,0.62110795561608,6.0,0.0,11308.0,0.175876609263912,2.0,5.0,2.0,New York,Missed,Missed,Missed,On-time,Missed,Late
CUST0229,49.0,108145.62247833615,753,0.24128827216654,4.0,0.0,62010.0,0.146420973142498,0.0,16.0,3.0,Houston,Late,Late,On-time,Late,Missed,Missed
CUST0230,49.0,191615.0,659,0.546827509422659,0.0,1.0,73327.0,0.409074935199042,0.0,6.0,4.0,New York,Missed,Missed,On-time,Late,Missed,On-time
CUST0231,41.0,165580.0,629,0.470600243560585,1.0,0.0,96167.0,0.227958514319616,2.0,4.0,1.0,Phoenix,Late,On-time,Missed,Late,Late,On-time
CUST0232,58.0,70284.0,696,0.427106547495954,1.0,1.0,2882.0,0.223771749200268,0.0,4.0,0.0,Chicago,On-time,On-time,Late,Late,On-time,Late
CUST0233,69.0,127816.0,781,0.334307446206454,2.0,0.0,32588.0,0.455024967277216,1.0,19.0,3.0,Phoenix,Late,On-time,Late,Late,Missed,Missed
CUST0234,66.0,85390.0,617,0.681868003621075,2.0,0.0,11061.0,0.306970231473182,2.0,15.0,1.0,Chicago,Late,On-time,On-time,Missed,Missed,Missed
CUST0235,66.0,74101.0,561,0.845978230903967,4.0,0.0,42715.0,0.307623822768157,0.0,18.0,3.0,Los Angeles,Missed,Late,Missed,Missed,Missed,Missed
CUST0236,69.0,127816.0,345,0.560038432520038,1.0,0.0,2926.0,0.282020055484846,1.0,8.0,0.0,Houston,Late,Late,On-time,Missed,Late,Missed
CUST0237,29.0,178273.0,363,0.564498143134563,5.0,0.0,98999.0,0.177601793325683,2.0,4.0,1.0,New York,On-time,Missed,Missed,On-time,Missed,Missed
CUST0238,56.0,61540.0,731,0.363533874028501,1.0,1.0,75777.0,0.367569694939438,0.0,7.0,0.0,Houston,On-time,Missed,On-time,Missed,On-time,On-time
CUST0239,19.0,170576.0,729,0.260780553635124,2.0,0.0,29561.0,0.340945052192562,0.0,8.0,2.0,New York,On-time,Late,On-time,Missed,Missed,Late
CUST0240,20.0,191615.0,332,0.492052219038765,5.0,0.0,44439.0,0.316869132533943,0.0,4.0,0.0,Phoenix,On-time,On-time,Missed,On-time,Late,On-time
CUST0241,66.0,138961.0,563,0.305250070408384,0.0,0.0,33772.0,0.288367696072374,3.0,9.0,2.0,Phoenix,On-time,Late,Missed,Late,Missed,Missed
CUST0242,54.0,114657.0,522,0.145477974336835,0.0,0.0,31481.0,0.270768035066171,1.0,1.0,1.0,New York,Late,Missed,Late,On-time,Missed,Late
CUST0243,66.0,76813.0,749,0.660689162473116,6.0,0.0,29584.0,0.391248338954741,0.0,8.0,2.0,Houston,On-time,On-time,Late,Late,On-time,Late
CUST0244,73.0,48307.0,319,0.670433357650366,3.0,0.0,49087.469214058474,0.28587069367939,0.0,10.0,1.0,New York,Late,On-time,Late,Late,Missed,Late
CUST0245,34.0,193677.0,380,0.328232245409381,2.0,0.0,83604.0,0.293593896146611,3.0,3.0,1.0,Los Angeles,Late,On-time,Missed,On-time,Missed,Missed
CUST0246,66.0,186334.0,521,0.548792864255848,3.0,0.0,20052.0,0.352989315488377,0.0,1.0,4.0,Phoenix,Missed,Late,Missed,Missed,On-time,Late
CUST0247,19.0,74163.0,623,0.700390453558353,5.0,0.0,15424.0,0.320796093068038,0.0,5.0,1.0,Los Angeles,Missed,Late,Missed,Late,Late,On-time
CUST0248,19.0,102235.0,412,0.541005337412375,2.0,1.0,26649.0,0.464227605754043,2.0,13.0,2.0,Phoenix,On-time,Late,On-time,On-time,On-time,Late
CUST0249,45.0,27763.0,655,0.261369070780253,4.0,0.0,52425.0,0.123863322252669,0.0,0.0,4.0,Phoenix,On-time,On-time,Late,Late,Missed,Late
CUST0250,71.0,39285.0,818,0.45342131735258,1.0,0.0,99620.0,0.329990743836726,1.0,17.0,4.0,Chicago,Missed,On-time,Missed,Missed,On-time,On-time
CUST0251,40.0,66991.0,337,0.765361884008398,4.0,0.0,23431.0,0.229439421952783,0.0,6.0,1.0,Los Angeles,Missed,Missed,On-time,Late,Late,Missed
CUST0252,54.0,185883.0,663,0.549405328721022,5.0,1.0,95074.0,0.205791346524507,0.0,0.0,0.0,Los Angeles,Missed,On-time,Missed,Late,On-time,Late
CUST0253,49.0,119185.0,635,0.607826420636561,2.0,0.0,31674.0,0.254293579395565,2.0,0.0,0.0,Chicago,Missed,Missed,Late,Missed,Late,On-time
CUST0254,50.0,98042.0,847,0.568325843873822,5.0,1.0,90739.0,0.305467940848176,0.0,0.0,4.0,Houston,On-time,Missed,Late,Missed,Missed,On-time
CUST0255,18.0,116042.0,544,0.328897728404349,1.0,0.0,30509.0,0.30990690759234,3.0,3.0,1.0,Los Angeles,Missed,Late,On-time,On-time,Missed,Missed
CUST0256,36.0,95219.0,535,0.375830956143471,0.0,0.0,41594.0,0.14826937843215,2.0,3.0,0.0,New York,On-time,Missed,Missed,On-time,On-time,Late
CUST0257,19.0,155734.0,524,0.567773031410348,0.0,0.0,3142.0,0.245891617032218,3.0,17.0,1.0,Chicago,On-time,On-time,On-time,On-time,Late,Missed
CUST0258,70.0,116042.0,608,0.663374356004081,5.0,1.0,63443.0,0.328122155147645,2.0,10.0,1.0,Los Angeles,Late,On-time,Missed,Late,Missed,On-time
CUST0259,61.0,109456.0,354,0.719980990183576,3.0,0.0,8526.0,0.212306954921634,0.0,0.0,4.0,Houston,Late,Missed,On-time,Missed,On-time,Missed
CUST0260,43.0,70284.0,405,0.328378891046361,2.0,0.0,10778.0,0.188521609528348,3.0,9.0,4.0,Los Angeles,Late,Missed,Missed,On-time,Missed,On-time
CUST0261,49.0,61540.0,777,0.586624106935438,2.0,0.0,15171.0,0.1,3.0,8.0,3.0,Phoenix,On-time,Missed,Late,On-time,On-time,Late
CUST0262,23.0,93752.0,350,0.737408822343795,0.0,0.0,11942.0,0.233680655162464,3.0,3.0,0.0,New York,On-time,Missed,On-time,Late,Missed,Late
CUST0263,49.0,42350.0,341,0.302583645942395,6.0,0.0,83022.0,0.185037080104918,2.0,5.0,0.0,Chicago,Late,Missed,Missed,Late,Missed,Missed
CUST0264,72.0,97750.0,414,0.797349427159954,4.0,0.0,72332.0,0.201606711688994,0.0,15.0,0.0,Phoenix,Late,Missed,Late,Missed,On-time,Missed
CUST0265,21.0,142016.0,445,0.827788165468837,6.0,1.0,65548.0,0.272817969672034,0.0,1.0,2.0,Houston,Late,On-time,Missed,Late,Late,On-time
CUST0266,72.0,16062.0,584,1.02501726792433,1.0,0.0,92285.0,0.24001711234571,3.0,17.0,1.0,Phoenix,Missed,Late,Missed,Missed,On-time,Late
CUST0267,28.0,75692.0,534,0.546186688165998,4.0,0.0,48397.0,0.183376210614069,1.0,9.0,4.0,Phoenix,Missed,Missed,Late,Late,Missed,Late
CUST0268,73.0,158087.0,669,0.547284935252489,4.0,0.0,68998.0,0.1,0.0,16.0,0.0,Houston,Late,Late,Missed,On-time,Missed,Late
CUST0269,34.0,53765.0,736,0.665398877823463,5.0,0.0,52413.0,0.330231130514764,1.0,12.0,3.0,Phoenix,Missed,Missed,On-time,On-time,Missed,Late
CUST0270,55.0,198062.0,766,0.659560534609883,0.0,0.0,50989.0,0.375282721380847,0.0,17.0,0.0,Chicago,Missed,Missed,On-time,Missed,Late,Late
CUST0271,41.0,38049.0,648,0.725273372199121,6.0,0.0,44016.0,0.260325502100562,0.0,12.0,1.0,Los Angeles,Late,Missed,Late,On-time,Missed,Missed
CUST0272,22.0,166222.0,762,0.65680663609302,6.0,0.0,29416.0,0.273422430354572,3.0,16.0,1.0,Phoenix,Late,Missed,Missed,Late,Late,Late
CUST0273,69.0,108380.15166647237,423,0.478787618192392,0.0,1.0,48655.506503426135,0.300281051568612,3.0,4.0,4.0,Chicago,Missed,Late,Missed,Late,Missed,Missed
CUST0274,51.0,193031.0,670,0.7443994241947,6.0,1.0,80150.0,0.457878357661225,2.0,10.0,2.0,Los Angeles,On-time,On-time,Missed,Missed,Late,Missed
CUST0275,23.0,189358.0,823,0.285749170061454,0.0,0.0,2687.0,0.143229220617422,0.0,6.0,4.0,Los Angeles,Late,On-time,On-time,Late,Late,Late
CUST0276,39.0,101188.0,694,0.501170467345075,5.0,1.0,23685.0,0.258551027412743,0.0,9.0,0.0,Phoenix,Late,Late,On-time,Late,On-time,Missed
CUST0277,28.0,107869.61521485499,421,0.812747123209959,3.0,0.0,77719.0,0.127802703586728,3.0,16.0,3.0,Chicago,On-time,Missed,Missed,Late,Missed,On-time
CUST0278,65.0,54749.0,407,0.249950700375936,4.0,0.0,44439.0,0.336231845873555,0.0,14.0,4.0,Phoenix,Missed,Missed,On-time,On-time,On-time,Late
CUST0279,33.0,108568.9965915503,418,0.364504868600567,5.0,0.0,37905.0,0.285604160621198,3.0,17.0,2.0,Houston,Missed,On-time,Late,Missed,Missed,On-time
CUST0280,50.0,65990.0,622,0.634349458215458,2.0,0.0,99005.0,0.320299211293607,0.0,18.0,4.0,Los Angeles,Missed,Missed,Missed,Missed,Late,Missed
CUST0281,26.0,42350.0,825,0.57878239464723,1.0,0.0,46813.0,0.315312256259107,0.0,1.0,1.0,Phoenix,Late,Late,Late,Missed,Missed,Late
CUST0282,23.0,42350.0,823,0.324994918468751,3.0,1.0,49130.299139367286,0.399070825370351,3.0,3.0,0.0,Los Angeles,On-time,Missed,Missed,Late,Late,Missed
CUST0283,33.0,116570.0,452,0.416761199453971,2.0,0.0,50989.0,0.353813296456846,0.0,2.0,0.0,Chicago,Missed,On-time,Missed,On-time,Late,Missed
CUST0284,46.0,159572.0,724,0.263843587469932,4.0,1.0,74433.0,0.383050795766008,0.0,6.0,0.0,New York,On-time,On-time,On-time,On-time,Late,Missed
CUST0285,20.0,116570.0,739,0.696096999904114,6.0,0.0,52331.0,0.193446531010305,1.0,17.0,0.0,Phoenix,Late,Late,On-time,Late,Late,Missed
CUST0286,37.0,190333.0,700,0.448823728465893,0.0,0.0,41958.0,0.419317086497514,0.0,9.0,0.0,Phoenix,Late,Missed,On-time,On-time,Late,On-time
CUST0287,53.0,32955.0,482,0.858431182152126,4.0,1.0,45089.0,0.2277637260511,0.0,6.0,0.0,Los Angeles,Missed,Missed,Late,Late,Late,Missed
CUST0288,36.0,141131.0,385,0.516220048808004,5.0,0.0,63375.0,0.233513045737601,0.0,7.0,3.0,Chicago,On-time,Missed,Late,On-time,On-time,On-time
CUST0289,43.0,68682.0,579,0.456051939319424,1.0,0.0,86965.0,0.327084257735299,1.0,5.0,2.0,Houston,Missed,On-time,Late,Late,On-time,Missed
CUST0290,20.0,16062.0,658,0.43663564774164,5.0,0.0,67673.0,0.330191826304927,2.0,0.0,0.0,Chicago,Late,On-time,On-time,Missed,Late,On-time
CUST0291,36.0,107998.1512214379,836,0.451160032961514,3.0,0.0,70406.0,0.192814319776752,0.0,3.0,2.0,Phoenix,Late,Late,Late,Late,Late,Late
CUST0292,37.0,155734.0,315,0.52216421902676,3.0,0.0,84521.0,0.28267207082261,1.0,13.0,0.0,Houston,Missed,Late,Missed,On-time,Missed,Missed
CUST0293,49.0,38061.0,316,1.00248151531566,1.0,0.0,95267.0,0.448823531686947,0.0,16.0,4.0,Chicago,Late,Late,Late,Late,Missed,Missed
CUST0294,24.0,108433.91547997427,436,0.432228065980128,2.0,0.0,45595.0,0.15316634384659,0.0,19.0,0.0,New York,Late,Late,On-time,Missed,On-time,Missed
CUST0295,69.0,43251.0,515,0.438729307845738,2.0,1.0,52331.0,0.448521924101272,0.0,17.0,1.0,Los Angeles,Missed,Missed,On-time,Late,Late,On-time
CUST0296,58.0,90353.0,658,0.513118769136635,3.0,0.0,82714.0,0.275830154858351,0.0,10.0,3.0,Chicago,Missed,Missed,Late,Missed,Late,Missed
CUST0297,50.0,81234.0,310,0.718054901268852,3.0,0.0,79552.0,0.1,2.0,13.0,4.0,Chicago,On-time,On-time,On-time,On-time,Missed,On-time
CUST0298,57.0,19835.0,793,0.215803087785444,6.0,0.0,41653.0,0.163326826651709,3.0,8.0,4.0,New York,Late,On-time,Late,On-time,Missed,Missed
CUST0299,56.0,107659.90191972067,673,0.591018547381929,0.0,1.0,89660.0,0.20365224622648,1.0,14.0,1.0,Phoenix,Late,Missed,On-time,Late,Missed,On-time
CUST0300,35.0,108139.7132875382,321,0.336514964795767,6.0,0.0,62342.0,0.237607069921725,0.0,11.0,0.0,Los Angeles,Missed,Late,Late,Late,Missed,On-time
CUST0301,57.0,159188.0,415,0.610654537790189,6.0,0.0,52259.0,0.289528674137466,0.0,9.0,3.0,Chicago,Missed,Late,Late,Missed,On-time,Late
CUST0302,18.0,70479.0,834,0.401248011527908,2.0,0.0,82789.0,0.1,2.0,18.0,4.0,Houston,Missed,Late,Late,Late,Missed,Late
CUST0303,28.0,119573.0,700,0.05,1.0,0.0,52217.0,0.318680439247765,0.0,18.0,3.0,Chicago,Missed,Late,Late,Missed,On-time,Missed
CUST0304,45.0,81234.0,584,0.573915520537497,2.0,0.0,9859.0,0.194490949167511,0.0,5.0,4.0,Los Angeles,Late,Late,Missed,Missed,Missed,Late
CUST0305,74.0,149415.0,591,0.572228954069373,0.0,0.0,52217.0,0.439052257160105,0.0,19.0,0.0,Chicago,Late,Missed,On-time,On-time,On-time,Late
CUST0306,42.0,136465.0,595,0.384183938304114,5.0,0.0,75316.0,0.272982327925602,0.0,5.0,4.0,New York,Late,Late,Late,On-time,Missed,On-time
CUST0307,67.0,53494.0,591,0.372331227971399,3.0,0.0,12176.0,0.394284617173272,2.0,7.0,4.0,Chicago,On-time,On-time,Late,Missed,Late,On-time
CUST0308,40.0,107977.29343009763,307,0.237725454982469,3.0,0.0,71588.0,0.411034897991429,1.0,0.0,2.0,Chicago,Missed,Late,On-time,Missed,Missed,Missed
CUST0309,48.0,70479.0,385,0.654619988307774,0.0,1.0,99005.0,0.408327324346621,1.0,16.0,0.0,Houston,Missed,Late,On-time,Late,Late,On-time
CUST0310,47.0,90697.0,682,0.676443156493361,6.0,1.0,46720.0,0.243359325703751,0.0,16.0,1.0,New York,Late,Missed,Missed,Late,On-time,Late
CUST0311,59.0,19835.0,374,0.324189822964822,1.0,0.0,82909.0,0.242079984227867,0.0,14.0,1.0,New York,Late,Late,On-time,Missed,Late,On-time
CUST0312,52.0,176426.0,320,0.392013108092229,3.0,1.0,31674.0,0.277502670071168,0.0,6.0,0.0,Chicago,Missed,Late,Missed,Missed,Late,Missed
CUST0313,24.0,194208.0,321,0.487342175772207,4.0,0.0,62253.0,0.363623737537892,3.0,18.0,1.0,Houston,Missed,On-time,On-time,On-time,Late,Late
CUST0314,33.0,181267.0,494,0.954173056207109,6.0,0.0,15938.0,0.248930473024583,1.0,2.0,0.0,Chicago,On-time,Missed,Late,On-time,Late,On-time
CUST0315,43.0,77292.0,316,0.609024349517786,3.0,0.0,612.0,0.288073752640975,0.0,10.0,1.0,Chicago,Late,Late,Missed,Missed,Late,Late
CUST0316,65.0,32019.0,419,0.311316896998324,4.0,0.0,13355.0,0.327359381633944,3.0,19.0,2.0,Los Angeles,Late,On-time,Late,On-time,On-time,On-time
CUST0317,74.0,102235.0,557,0.560756061898101,0.0,0.0,10778.0,0.209510807395213,0.0,18.0,1.0,Los Angeles,On-time,On-time,Late,Missed,Missed,On-time
CUST0318,69.0,120891.0,749,0.224661691872383,0.0,1.0,66118.0,0.203189171167088,2.0,8.0,4.0,Houston,On-time,Late,On-time,On-time,Missed,Late
CUST0319,66.0,33017.0,625,0.643598061983234,6.0,0.0,30443.0,0.2841736118596,1.0,9.0,0.0,Phoenix,Missed,Missed,Missed,Late,On-time,On-time
CUST0320,19.0,53765.0,446,0.835109478708897,3.0,1.0,86846.0,0.297417881495164,0.0,1.0,3.0,Los Angeles,Late,Missed,On-time,On-time,Missed,On-time
CUST0321,18.0,53513.0,391,0.835958337016791,2.0,0.0,82382.0,0.343388548000164,3.0,0.0,3.0,Phoenix,Missed,On-time,Late,Missed,Missed,Late
CUST0322,65.0,184160.0,316,0.646978700694867,4.0,0.0,95303.0,0.367188657495155,1.0,15.0,0.0,New York,Late,On-time,On-time,Late,Late,On-time
CUST0323,29.0,70393.0,715,0.383317528826374,1.0,0.0,87110.0,0.190093717942835,0.0,17.0,2.0,Los Angeles,Missed,On-time,Missed,Missed,Missed,On-time
CUST0324,22.0,193352.0,471,0.239819648697174,3.0,0.0,80430.0,0.218791506805643,2.0,16.0,1.0,Los Angeles,On-time,On-time,On-time,On-time,Missed,On-time
CUST0325,54.0,137402.0,358,0.219958991326178,1.0,0.0,32615.0,0.202924771243689,3.0,5.0,2.0,Houston,Missed,On-time,Missed,Late,On-time,Late
CUST0326,49.0,18709.0,534,0.05,3.0,0.0,62561.0,0.441244740159142,0.0,13.0,3.0,Phoenix,On-time,Missed,On-time,Missed,Missed,Missed
CUST0327,72.0,153311.0,696,0.638771152601584,2.0,0.0,3081.0,0.287972940979746,0.0,14.0,0.0,Los Angeles,Late,Late,Missed,On-time,Missed,Late
CUST0328,26.0,106267.0,471,0.47943289595512,2.0,0.0,43927.0,0.301612929524502,0.0,13.0,0.0,Los Angeles,Missed,Missed,Missed,Late,Missed,Missed
CUST0329,58.0,179506.0,461,0.681843233290625,6.0,0.0,32615.0,0.305777436401351,3.0,2.0,2.0,Houston,On-time,Missed,Late,Missed,On-time,Late
CUST0330,52.0,26174.0,556,0.785606297046957,6.0,0.0,92183.0,0.228432998628236,3.0,18.0,2.0,Houston,Late,On-time,On-time,Late,On-time,On-time
CUST0331,36.0,43251.0,644,0.519981108780482,2.0,0.0,39259.0,0.456426951894603,0.0,11.0,1.0,Phoenix,On-time,Missed,Missed,On-time,Missed,Late
CUST0332,65.0,81234.0,326,0.52919232194263,5.0,0.0,17023.0,0.341102665481872,0.0,1.0,4.0,New York,On-time,Late,Late,Late,Missed,On-time
CUST0333,33.0,85640.0,522,0.407135931100506,2.0,0.0,80150.0,0.303959052977794,0.0,2.0,4.0,New York,Missed,Late,Late,Missed,On-time,Late
CUST0334,20.0,67638.0,498,0.430783116565518,0.0,0.0,27446.0,0.189474357884943,0.0,17.0,1.0,Chicago,Missed,Late,On-time,On-time,On-time,Missed
CUST0335,37.0,81234.0,339,0.645693982494586,0.0,1.0,91557.0,0.183806750834375,0.0,0.0,4.0,Los Angeles,On-time,On-time,Late,On-time,Missed,Late
CUST0336,41.0,159356.0,658,0.465124993926937,5.0,0.0,44449.0,0.269109246839423,1.0,19.0,3.0,Phoenix,Missed,Missed,Late,Missed,Missed,Late
CUST0337,71.0,150230.0,627,0.436198466649435,4.0,1.0,31316.0,0.230000820642817,0.0,5.0,4.0,Los Angeles,On-time,Late,On-time,On-time,On-time,Late
CUST0338,73.0,120570.0,820,0.496336628111429,1.0,0.0,61186.0,0.193255565445344,2.0,4.0,1.0,Phoenix,On-time,Missed,Late,Late,On-time,Missed
CUST0339,50.0,117795.0,591,0.677266039212318,3.0,1.0,51016.0,0.262904198042844,3.0,0.0,4.0,Phoenix,Late,Missed,Missed,Late,Missed,Late
CUST0340,41.0,62295.0,715,0.361467688433979,3.0,1.0,86488.0,0.278357197172411,2.0,18.0,0.0,Phoenix,Late,Late,On-time,Missed,Late,Missed
CUST0341,69.0,70479.0,361,0.486694296489593,5.0,0.0,11308.0,0.314178542046026,1.0,0.0,2.0,Los Angeles,On-time,Late,Late,Missed,Late,Missed
CUST0342,28.0,166836.0,495,0.549055567555686,0.0,0.0,62253.0,0.249608052862573,1.0,15.0,3.0,Houston,Missed,Missed,On-time,Late,Late,Missed
CUST0343,66.0,18267.0,541,0.732044380717047,6.0,0.0,49303.47272201163,0.199239930533996,0.0,11.0,0.0,Los Angeles,Late,On-time,Missed,Late,Missed,On-time
CUST0344,25.0,118333.0,486,0.452140644640116,3.0,0.0,72809.0,0.202707911400875,0.0,7.0,0.0,Phoenix,On-time,On-time,On-time,On-time,Missed,Late
CUST0345,53.0,119573.0,465,0.356435322789655,0.0,0.0,89660.0,0.421297272922618,0.0,15.0,1.0,Chicago,On-time,Missed,On-time,On-time,On-time,Late
CUST0346,55.0,136790.0,655,0.403127811145528,4.0,0.0,42551.0,0.174824231363825,0.0,0.0,2.0,New York,On-time,On-time,On-time,Late,Missed,Missed
CUST0347,57.0,117023.0,700,0.710611486603075,1.0,0.0,89537.0,0.336318229829127,0.0,3.0,2.0,Phoenix,On-time,Late,Missed,Missed,Missed,Missed
CUST0348,37.0,112007.0,416,0.906661059720693,4.0,0.0,56061.0,0.351954632977439,1.0,9.0,3.0,Chicago,Late,On-time,Late,On-time,Late,On-time
CUST0349,52.0,99665.0,789,0.237248437262793,5.0,0.0,76567.0,0.287872452416433,2.0,10.0,1.0,Houston,Missed,On-time,Missed,Missed,On-time,On-time
CUST0350,65.0,38289.0,493,0.280939676986028,2.0,0.0,79013.0,0.476782905840517,2.0,16.0,3.0,Phoenix,On-time,Missed,Late,Late,On-time,Late
CUST0351,42.0,167424.0,341,0.46624064265957,2.0,1.0,52259.0,0.350171899302769,2.0,6.0,4.0,Chicago,Missed,On-time,Late,On-time,Late,Missed
CUST0352,52.0,98613.0,820,0.522191219213608,2.0,0.0,2200.0,0.484290304830465,2.0,11.0,0.0,Phoenix,Missed,Late,Late,Late,Late,Missed
CUST0353,42.0,176426.0,736,0.657393913110999,4.0,0.0,47695.0,0.234893599808512,0.0,6.0,3.0,Los Angeles,Missed,Missed,Late,Late,On-time,Missed
CUST0354,46.0,33017.0,622,0.321773398279702,3.0,0.0,86828.0,0.236605459010658,2.0,11.0,0.0,Chicago,On-time,Missed,On-time,Missed,Missed,Late
CUST0355,35.0,52744.0,700,0.287378192670107,1.0,0.0,24623.0,0.352753715868001,0.0,14.0,1.0,Los Angeles,Missed,On-time,Missed,On-time,On-time,Late
CUST0356,63.0,149415.0,385,0.527617430626726,2.0,1.0,4265.0,0.273853436268079,0.0,1.0,4.0,Los Angeles,On-time,On-time,Missed,Late,Missed,Late
CUST0357,35.0,32955.0,359,0.448319855958566,5.0,1.0,77348.0,0.468566542489201,2.0,13.0,1.0,Chicago,Missed,On-time,Missed,On-time,Late,Missed
CUST0358,19.0,36677.0,611,0.685344199554305,5.0,1.0,11251.0,0.334170038363093,0.0,12.0,4.0,New York,Missed,On-time,Late,On-time,Late,On-time
CUST0359,71.0,198062.0,538,0.597471960638076,2.0,0.0,25807.0,0.195542578014328,3.0,3.0,4.0,Chicago,On-time,On-time,Missed,Missed,On-time,Missed
CUST0360,52.0,137402.0,617,0.611075869526643,2.0,0.0,78035.0,0.126318359145597,3.0,13.0,0.0,New York,Missed,On-time,On-time,Missed,Late,Late
CUST0361,33.0,38524.0,311,0.479103730724626,1.0,0.0,68998.0,0.292176140765673,3.0,13.0,1.0,Phoenix,On-time,Missed,Late,On-time,On-time,Missed
CUST0362,58.0,180421.0,679,0.971116051713641,2.0,0.0,53553.0,0.291087687046676,0.0,15.0,1.0,Phoenix,Late,Missed,Late,On-time,On-time,Late
CUST0363,53.0,107193.0,316,0.332450403681248,1.0,1.0,86447.0,0.331376592330838,2.0,6.0,3.0,Chicago,Missed,Missed,Missed,Missed,Late,Missed
CUST0364,50.0,21949.0,682,0.622161966750955,5.0,0.0,31449.0,0.42106905737559,1.0,18.0,1.0,Phoenix,Late,On-time,On-time,Late,Missed,Late
CUST0365,21.0,34870.0,622,0.246062002585378,2.0,0.0,13761.0,0.407911330399392,1.0,1.0,3.0,Houston,Missed,On-time,Late,Late,On-time,Late
CUST0366,50.0,59811.0,475,0.285306464452109,4.0,0.0,23125.0,0.242109896766356,1.0,9.0,2.0,Los Angeles,Missed,On-time,Late,Missed,Missed,On-time
CUST0367,31.0,42350.0,389,0.378530880246909,6.0,0.0,50310.0,0.170618059819557,0.0,17.0,2.0,Los Angeles,Missed,On-time,On-time,Missed,Late,Late
CUST0368,38.0,118081.0,523,0.825864667323605,4.0,0.0,74288.0,0.176587886499092,0.0,16.0,2.0,New York,Late,Missed,Late,Late,On-time,Missed
CUST0369,65.0,28807.0,728,0.552778886090803,5.0,0.0,24670.0,0.226319829467862,0.0,4.0,1.0,Phoenix,Late,On-time,Missed,On-time,On-time,On-time
CUST0370,37.0,108135.89094251215,459,0.381904386291124,1.0,0.0,62561.0,0.263326845196098,0.0,11.0,1.0,New York,On-time,Missed,On-time,Late,Late,Missed
CUST0371,73.0,107619.27232055042,384,0.574887265190914,4.0,0.0,91970.0,0.330506213896516,3.0,5.0,3.0,Los Angeles,Late,Late,Late,Missed,Missed,Missed
CUST0372,25.0,90353.0,643,0.507029576284901,1.0,0.0,88423.0,0.219903240310402,3.0,8.0,4.0,Los Angeles,Missed,Late,Missed,On-time,Missed,Late
CUST0373,24.0,42350.0,664,0.401605326172176,4.0,0.0,11251.0,0.328039197111331,1.0,19.0,3.0,Phoenix,Late,On-time,On-time,Late,Missed,Late
CUST0374,20.0,76813.0,693,0.220674228842354,4.0,0.0,85678.0,0.336204014585905,1.0,0.0,2.0,Houston,On-time,On-time,On-time,Missed,Late,Late
CUST0375,34.0,101900.0,648,0.787708496902458,1.0,1.0,48942.0,0.314334388259588,3.0,14.0,3.0,Houston,Missed,Missed,Missed,Missed,On-time,Missed
CUST0376,50.0,109103.72340899245,773,0.541963625742008,3.0,0.0,7468.0,0.18713770029873,2.0,5.0,4.0,Phoenix,Missed,Missed,Late,On-time,Missed,Late
CUST0377,65.0,108778.187468064,781,0.934747674693647,4.0,0.0,26000.0,0.346782672523595,0.0,18.0,1.0,Phoenix,On-time,Late,On-time,Late,On-time,On-time
CUST0378,29.0,68932.0,535,0.688064324108176,2.0,0.0,82909.0,0.508126962876672,0.0,17.0,3.0,New York,Late,Late,On-time,Missed,On-time,Late
CUST0379,68.0,108751.97773664161,579,0.610263944952208,6.0,0.0,27490.0,0.32458968269129,0.0,5.0,2.0,Phoenix,Missed,Missed,Missed,Late,On-time,Late
CUST0380,39.0,150230.0,742,0.412959134276606,5.0,1.0,33472.0,0.1,0.0,12.0,2.0,Houston,Late,Late,On-time,Missed,Missed,Late
CUST0381,72.0,100999.0,823,0.280930887228616,3.0,0.0,13355.0,0.42408795720469,3.0,0.0,1.0,Phoenix,Late,On-time,Late,Missed,Late,On-time
CUST0382,39.0,88963.0,310,0.45645380310231,1.0,0.0,6118.0,0.229725222330061,0.0,12.0,3.0,New York,Missed,On-time,On-time,Late,Late,On-time
CUST0383,63.0,120616.0,345,0.275141481158833,3.0,0.0,98999.0,0.526571269049569,3.0,6.0,4.0,New York,Late,Late,Missed,Missed,Late,Missed
CUST0384,47.0,61540.0,414,0.63003807614615,0.0,0.0,37658.0,0.311636345136596,0.0,14.0,1.0,New York,On-time,Missed,Missed,Late,On-time,Missed
CUST0385,55.0,53756.0,611,0.826530499539426,0.0,0.0,94309.0,0.131529930601417,3.0,11.0,3.0,New York,Missed,Late,Late,Missed,On-time,Missed
CUST0386,55.0,109297.0,806,0.447817546776573,4.0,0.0,33354.0,0.1,0.0,0.0,0.0,Chicago,Missed,Missed,On-time,Late,Late,On-time
CUST0387,62.0,108375.1118936151,383,0.688898194478239,4.0,0.0,48942.0,0.453974076267587,0.0,14.0,2.0,Phoenix,Late,Missed,Late,Missed,Missed,On-time
CUST0388,68.0,53304.0,469,0.362154185956628,2.0,0.0,31674.0,0.410590498591727,1.0,3.0,4.0,Los Angeles,Missed,Late,On-time,Late,On-time,Missed
CUST0389,71.0,173427.0,550,0.439506632358529,6.0,0.0,3081.0,0.522601888576669,0.0,12.0,4.0,Phoenix,Missed,On-time,Missed,Late,Missed,Missed
CUST0390,25.0,140917.0,725,0.337007203086911,5.0,1.0,16454.0,0.301092448557355,0.0,4.0,4.0,Chicago,On-time,Missed,Late,Missed,Missed,Missed
CUST0391,44.0,96317.0,685,0.0733733929858979,3.0,0.0,63375.0,0.294347011662031,2.0,1.0,2.0,New York,Late,Late,Missed,Missed,On-time,Missed
CUST0392,44.0,93832.0,459,0.492693330016277,0.0,0.0,11587.0,0.261728120784144,3.0,0.0,3.0,Chicago,Late,On-time,Late,Late,Late,Missed
CUST0393,51.0,31896.0,834,0.52569034751955,4.0,0.0,49798.0,0.234170975874077,2.0,15.0,1.0,Houston,Late,Missed,On-time,On-time,Missed,Late
CUST0394,38.0,108453.99180685512,622,0.713172199752327,5.0,0.0,44454.0,0.260757044554218,3.0,5.0,3.0,Houston,On-time,Missed,Late,On-time,Missed,On-time
CUST0395,47.0,70284.0,528,0.659087650533857,3.0,0.0,30575.0,0.321746333232402,1.0,15.0,1.0,Phoenix,On-time,Late,On-time,On-time,Missed,Missed
CUST0396,50.0,72043.0,308,0.661790579807799,4.0,0.0,48916.7933947199,0.215609921308789,0.0,13.0,4.0,Phoenix,On-time,On-time,On-time,Missed,Missed,Late
CUST0397,45.0,183152.0,656,0.305192755376424,4.0,0.0,24835.0,0.133071065312601,1.0,2.0,3.0,Los Angeles,On-time,Late,On-time,Missed,On-time,Late
CUST0398,64.0,170576.0,337,0.591899461214138,0.0,0.0,19733.0,0.315987663401417,0.0,14.0,4.0,Los Angeles,Late,Missed,Missed,Late,On-time,Missed
CUST0399,50.0,198401.0,523,0.816518793096318,0.0,0.0,52217.0,0.213380440130656,1.0,2.0,0.0,Houston,Late,Missed,Missed,Missed,Late,On-time
CUST0400,22.0,86726.0,584,0.575973570141816,4.0,0.0,60278.0,0.1,1.0,1.0,4.0,New York,On-time,Late,On-time,Late,Missed,On-time
CUST0401,65.0,180421.0,762,0.865718722612999,1.0,0.0,91557.0,0.355256739065701,0.0,0.0,4.0,Chicago,Missed,Missed,On-time,On-time,Missed,Late
CUST0402,36.0,107658.0,306,0.903793222223972,4.0,0.0,55345.0,0.189194096188297,3.0,8.0,1.0,Los Angeles,On-time,Missed,Missed,On-time,Late,Late
CUST0403,21.0,57318.0,770,0.44630634594167,5.0,1.0,3091.0,0.366178945469073,0.0,8.0,0.0,Los Angeles,On-time,On-time,On-time,Late,Late,On-time
CUST0404,52.0,38524.0,563,0.360612050983885,4.0,0.0,32207.0,0.363784810651598,0.0,6.0,4.0,New York,On-time,On-time,Missed,On-time,Late,Missed
CUST0405,66.0,161377.0,380,0.347707566916209,2.0,0.0,98999.0,0.328359001152283,1.0,2.0,4.0,New York,Late,On-time,On-time,On-time,Missed,Missed
CUST0406,34.0,119573.0,360,0.196772835979355,6.0,0.0,90739.0,0.549681784035649,0.0,17.0,0.0,Phoenix,Missed,Late,Late,Late,Missed,Late
CUST0407,61.0,167617.0,638,0.396319420116895,2.0,0.0,85780.0,0.286194815002762,1.0,10.0,0.0,Chicago,Missed,On-time,Missed,On-time,On-time,Late
CUST0408,45.0,108456.64521077253,627,0.741533089951249,2.0,0.0,44303.0,0.271436043250141,0.0,6.0,3.0,New York,On-time,Missed,On-time,Late,Missed,Missed
CUST0409,47.0,71570.0,341,0.0591924849497519,1.0,0.0,39582.0,0.368367242141691,2.0,8.0,1.0,Los Angeles,On-time,Late,Late,Late,On-time,Late
CUST0410,46.0,165580.0,734,0.29250931985725,1.0,0.0,1217.0,0.29445526378862,0.0,0.0,0.0,Los Angeles,On-time,Late,Missed,On-time,Missed,On-time
CUST0411,63.0,154487.0,595,0.4745737116696,4.0,0.0,89616.0,0.4160493537394,0.0,13.0,0.0,Houston,On-time,Missed,Missed,Missed,Late,Missed
CUST0412,70.0,130359.0,835,0.32456295987566,2.0,0.0,47906.0,0.173119409242447,0.0,19.0,2.0,New York,Missed,On-time,Late,Late,Late,Missed
CUST0413,23.0,58919.0,784,0.394542811151955,1.0,0.0,49011.15850813064,0.174782555253565,0.0,5.0,0.0,Phoenix,Missed,On-time,Late,Missed,On-time,Late
CUST0414,52.0,109074.0,401,0.397534065115539,0.0,0.0,61210.0,0.376580949132621,1.0,6.0,1.0,Chicago,Late,Missed,On-time,On-time,Missed,Missed
CUST0415,58.0,152326.0,474,0.44849195598765,4.0,1.0,5626.0,0.183518906066139,3.0,9.0,4.0,Phoenix,On-time,Missed,Late,Missed,On-time,Late
CUST0416,54.0,40934.0,694,0.354109060778052,5.0,0.0,62561.0,0.360909860644271,3.0,6.0,4.0,Los Angeles,Missed,Late,Late,On-time,Missed,Late
CUST0417,41.0,126888.0,793,0.33775735722889,6.0,0.0,63412.0,0.337000284621036,3.0,1.0,4.0,Phoenix,Late,On-time,On-time,Late,Missed,Late
CUST0418,46.0,73243.0,595,0.686861949184246,3.0,0.0,62253.0,0.230551171397233,1.0,3.0,4.0,Los Angeles,Late,Late,Late,On-time,On-time,Late
CUST0419,66.0,108420.95452222103,452,0.709930835572069,4.0,0.0,46333.0,0.336717016023343,0.0,16.0,2.0,Los Angeles,Late,Late,Late,Late,On-time,On-time
CUST0420,63.0,65990.0,766,0.223891330950518,3.0,0.0,62253.0,0.176540755421576,3.0,0.0,0.0,Los Angeles,Late,Late,Late,On-time,On-time,Missed
CUST0421,70.0,180983.0,711,0.05,2.0,0.0,73733.0,0.200010007373629,2.0,9.0,4.0,Los Angeles,Missed,Missed,Late,Missed,On-time,Missed
CUST0422,48.0,196415.0,415,0.712674969914186,6.0,0.0,95276.0,0.276281226158793,0.0,18.0,3.0,Los Angeles,On-time,Late,Late,On-time,Missed,Missed
CUST0423,52.0,179506.0,398,0.254239916289572,3.0,0.0,59691.0,0.307892781907222,0.0,14.0,4.0,Houston,On-time,Late,Missed,On-time,On-time,Missed
CUST0424,50.0,71570.0,634,0.542548967691947,2.0,1.0,36820.0,0.269636146301214,0.0,9.0,0.0,Phoenix,Missed,Late,Missed,On-time,Late,Late
CUST0425,69.0,104588.0,811,0.186865625394356,0.0,0.0,65548.0,0.343311596387311,3.0,18.0,4.0,Houston,Missed,On-time,Missed,Missed,Missed,Late
CUST0426,38.0,146800.0,500,0.759550997051934,3.0,0.0,29584.0,0.338846641504829,0.0,11.0,2.0,Houston,Late,On-time,Missed,Missed,Late,Late
CUST0427,49.0,163216.0,768,1.0087335790603,6.0,0.0,60530.0,0.452936680834814,0.0,15.0,1.0,New York,Late,On-time,Missed,Late,Late,Missed
CUST0428,40.0,193677.0,320,0.536561381841067,4.0,0.0,36913.0,0.290471465285499,2.0,8.0,1.0,New York,Missed,On-time,Missed,On-time,Late,Missed
CUST0429,50.0,38049.0,673,0.481179470308096,2.0,0.0,62342.0,0.419456343118412,3.0,14.0,0.0,New York,On-time,Missed,On-time,Late,Late,On-time
CUST0430,20.0,129821.0,536,0.435572084961987,4.0,1.0,49798.0,0.392072551289389,3.0,16.0,1.0,Chicago,Missed,On-time,Missed,Late,Late,On-time
CUST0431,35.0,115235.0,691,0.656359862262582,6.0,0.0,95276.0,0.529397728329314,2.0,13.0,1.0,New York,Missed,On-time,Late,On-time,Late,Missed
CUST0432,42.0,108610.0,467,0.613537350186917,1.0,0.0,55812.0,0.287274198009772,2.0,17.0,3.0,Phoenix,On-time,Late,Missed,On-time,Late,Missed
CUST0433,59.0,31364.0,739,0.700699690710572,2.0,0.0,24851.0,0.257964127854701,0.0,1.0,0.0,Houston,On-time,Late,On-time,Missed,On-time,Missed
CUST0434,48.0,184160.0,572,0.374416695480383,3.0,0.0,78289.0,0.425769422224373,3.0,3.0,0.0,Phoenix,Late,Late,Late,Late,Missed,Late
CUST0435,71.0,59238.0,401,0.568023541280929,2.0,0.0,20052.0,0.338543257174126,1.0,17.0,1.0,New York,Missed,On-time,Missed,Missed,Missed,On-time
CUST0436,20.0,68682.0,339,0.39150638665876,4.0,0.0,88778.0,0.428165921678389,3.0,6.0,1.0,Chicago,Late,Missed,Late,On-time,On-time,Late
CUST0437,57.0,28807.0,794,0.288456870385989,0.0,0.0,95136.0,0.37167987979895,0.0,12.0,1.0,Chicago,Missed,Late,On-time,Missed,Late,Missed
CUST0438,63.0,108501.64551426352,799,0.491796915799307,2.0,0.0,41743.0,0.1,0.0,14.0,2.0,Houston,Missed,On-time,Late,On-time,Late,On-time
CUST0439,41.0,20569.0,427,0.315497453924583,3.0,0.0,87110.0,0.337632177703118,0.0,0.0,4.0,Phoenix,Late,On-time,On-time,Late,On-time,On-time
CUST0440,67.0,25916.0,762,0.734745399548517,1.0,0.0,49248.46983043493,0.331121589795148,0.0,10.0,2.0,Los Angeles,Missed,Missed,Late,On-time,Missed,Late
CUST0441,49.0,127566.0,328,0.327615924396835,5.0,0.0,82438.0,0.313310690246396,0.0,9.0,0.0,Phoenix,Missed,Missed,Missed,Missed,Missed,Missed
CUST0442,64.0,33888.0,398,0.572709188137472,0.0,0.0,1806.0,0.286775694587661,2.0,4.0,3.0,New York,Missed,Late,Late,On-time,On-time,Missed
CUST0443,39.0,152162.0,446,0.379315540248055,1.0,0.0,4106.0,0.140785647220567,0.0,15.0,4.0,Los Angeles,On-time,Late,On-time,On-time,On-time,On-time
CUST0444,40.0,170026.0,788,0.555412550087502,2.0,0.0,95376.0,0.387417691723832,0.0,10.0,3.0,Chicago,On-time,Missed,On-time,Late,On-time,On-time
CUST0445,19.0,51187.0,549,0.395200685308928,4.0,0.0,65387.0,0.337376842809349,0.0,5.0,0.0,Houston,Missed,Late,Late,On-time,Missed,Missed
CUST0446,44.0,108396.0,378,0.248557745028492,6.0,1.0,85678.0,0.410195669739742,0.0,8.0,0.0,Houston,On-time,Late,On-time,Late,Missed,On-time
CUST0447,59.0,16062.0,690,0.596754548190369,4.0,0.0,73117.0,0.146124447572474,0.0,12.0,3.0,Chicago,Missed,On-time,On-time,Missed,Missed,On-time
CUST0448,19.0,167617.0,700,0.452916875617355,3.0,0.0,52256.0,0.350713448954526,1.0,7.0,3.0,New York,Missed,Missed,Late,On-time,Missed,Missed
CUST0449,43.0,187627.0,584,0.557196988144491,4.0,0.0,10778.0,0.276534066245343,0.0,13.0,3.0,Chicago,On-time,On-time,Missed,Missed,Missed,On-time
CUST0450,34.0,115235.0,781,0.414231412873912,0.0,0.0,62010.0,0.314378800992552,0.0,0.0,0.0,New York,Missed,Late,On-time,On-time,Late,Missed
CUST0451,57.0,108710.60009821587,528,0.234412697246309,4.0,0.0,29845.0,0.27768403658191,0.0,16.0,1.0,Los Angeles,On-time,Late,On-time,On-time,On-time,Missed
CUST0452,50.0,99076.0,332,0.716635719411251,3.0,0.0,62010.0,0.354360792748012,0.0,4.0,3.0,Chicago,On-time,Missed,Missed,On-time,Missed,Missed
CUST0453,26.0,190333.0,462,0.647351551088217,5.0,1.0,29416.0,0.283712687900842,0.0,1.0,4.0,New York,Late,Late,Missed,Missed,Late,Missed
CUST0454,60.0,65612.0,588,0.386607804889351,2.0,0.0,48963.03352752461,0.194808507494431,2.0,8.0,0.0,Los Angeles,Missed,Missed,On-time,Late,On-time,Missed
CUST0455,71.0,162851.0,622,0.513955842699759,6.0,0.0,77743.0,0.308642541878619,0.0,3.0,2.0,Chicago,On-time,Missed,Late,Late,Missed,Missed
CUST0456,65.0,75566.0,338,0.708403896632587,2.0,0.0,83236.0,0.278582546286449,2.0,16.0,2.0,Houston,Late,Missed,Late,On-time,Late,On-time
CUST0457,56.0,177993.0,739,0.40859233282752,4.0,0.0,24120.0,0.291660637887111,2.0,16.0,4.0,Chicago,Late,Late,Missed,On-time,Late,On-time
CUST0458,46.0,38049.0,758,0.439623098961889,1.0,0.0,71588.0,0.1,0.0,17.0,1.0,Phoenix,Late,Missed,Late,Missed,Late,On-time
CUST0459,59.0,108798.57511531629,350,0.548726500001474,2.0,0.0,24835.0,0.36826360835687,1.0,15.0,3.0,Chicago,Missed,Late,On-time,On-time,Missed,Late
CUST0460,72.0,125448.0,354,0.408181787289082,5.0,0.0,48532.77910662868,0.268533638265321,3.0,7.0,0.0,Phoenix,Late,Late,Late,Missed,Late,Missed
CUST0461,43.0,146800.0,459,0.671418399397404,4.0,1.0,17913.0,0.165184642598173,0.0,10.0,3.0,Los Angeles,Missed,Missed,On-time,On-time,Late,Missed
CUST0462,52.0,134180.0,757,0.466219843938512,6.0,0.0,16693.0,0.392256351684814,0.0,17.0,0.0,Chicago,Late,Missed,Late,Missed,Missed,On-time
CUST0463,67.0,64922.0,658,0.343192825001205,3.0,0.0,67397.0,0.363636572775293,1.0,9.0,2.0,Los Angeles,On-time,Late,Late,Missed,On-time,On-time
CUST0464,42.0,108430.807665725,837,0.621727765974799,5.0,0.0,45776.0,0.267267980372514,1.0,12.0,3.0,Los Angeles,On-time,Missed,On-time,Late,Late,Late
CUST0465,41.0,24435.0,766,0.27157387011373,4.0,0.0,60530.0,0.184783062047998,0.0,16.0,4.0,New York,Missed,On-time,Missed,Missed,Missed,Late
CUST0466,30.0,108380.19470375316,664,0.902975712224842,5.0,0.0,48655.504130077265,0.317803073467937,3.0,17.0,1.0,Los Angeles,Missed,Missed,Missed,Late,On-time,On-time
CUST0467,24.0,193998.0,700,0.81649927271604,2.0,0.0,18952.0,0.31231060845876,1.0,9.0,4.0,Los Angeles,Missed,On-time,On-time,Late,Late,Missed
CUST0468,74.0,164143.0,580,0.602699095384203,6.0,0.0,44449.0,0.392433428299178,2.0,15.0,1.0,Chicago,Missed,Late,On-time,Missed,Missed,Late
CUST0469,53.0,191615.0,796,0.58586620436398,3.0,0.0,42551.0,0.25562644851395,3.0,19.0,3.0,Chicago,Late,Late,On-time,Late,Late,Late
CUST0470,62.0,75566.0,845,0.576488283563859,4.0,0.0,82482.0,0.419492213486499,0.0,4.0,3.0,Houston,Late,Late,Late,Missed,Late,Missed
CUST0471,37.0,167424.0,813,0.402181042816218,0.0,0.0,33772.0,0.245974699666423,3.0,12.0,1.0,New York,On-time,On-time,Missed,Late,Missed,On-time
CUST0472,18.0,53513.0,617,0.559461929136168,3.0,0.0,43870.0,0.165416821545757,0.0,17.0,2.0,Los Angeles,Late,On-time,On-time,Missed,On-time,Late
CUST0473,25.0,155932.0,754,0.31537347790843,0.0,0.0,23685.0,0.186771724452271,3.0,16.0,0.0,New York,On-time,Late,Late,Missed,On-time,Missed
CUST0474,63.0,107911.83656829549,475,0.600763683688036,5.0,0.0,75316.0,0.293758846086438,2.0,8.0,4.0,Phoenix,Missed,On-time,Missed,Late,Late,Late
CUST0475,33.0,38049.0,508,0.673569388606259,1.0,0.0,60348.0,0.293448549094126,0.0,13.0,4.0,Los Angeles,On-time,Late,On-time,Late,Late,Late
CUST0476,31.0,169786.0,822,0.424382779803333,3.0,0.0,48437.0,0.332786114075077,0.0,16.0,4.0,New York,Late,Missed,Late,On-time,On-time,Missed
CUST0477,29.0,52744.0,796,0.380979641169056,5.0,0.0,44439.0,0.290962596888155,0.0,3.0,3.0,Houston,On-time,Late,Missed,Missed,Missed,Late
CUST0478,68.0,24435.0,307,0.257504595070418,0.0,1.0,20374.0,0.397731851606432,0.0,17.0,4.0,Houston,On-time,On-time,Missed,Late,Missed,On-time
CUST0479,40.0,87474.0,429,0.791591046713138,2.0,0.0,26417.0,0.273890590153742,3.0,19.0,0.0,Los Angeles,On-time,Late,Missed,On-time,On-time,On-time
CUST0480,32.0,86726.0,799,0.396867193231557,2.0,0.0,54622.0,0.100372373512858,1.0,14.0,0.0,Phoenix,Late,On-time,On-time,Missed,Late,On-time
CUST0481,45.0,59482.0,346,0.460252192796675,1.0,0.0,85678.0,0.28789033115342,0.0,10.0,1.0,Houston,Late,On-time,On-time,Missed,On-time,Late
CUST0482,51.0,59811.0,792,0.560031116999145,3.0,0.0,49004.744345455656,0.1,0.0,11.0,3.0,Houston,Late,Late,Late,On-time,On-time,Late
CUST0483,19.0,108380.2129331608,766,0.556441528577986,3.0,0.0,48655.50309156722,0.327139098099769,0.0,8.0,0.0,Phoenix,Missed,On-time,Late,Late,Missed,Late
CUST0484,49.0,147396.0,401,0.649312019136214,3.0,0.0,7468.0,0.405719299898491,0.0,12.0,2.0,New York,Missed,On-time,On-time,Late,Missed,On-time
CUST0485,40.0,116570.0,556,0.424134016032334,5.0,0.0,76567.0,0.201377551371748,0.0,14.0,3.0,Houston,Missed,On-time,Late,Missed,On-time,On-time
CUST0486,39.0,39285.0,567,0.272266412305817,6.0,0.0,37463.0,0.441855668639185,0.0,14.0,3.0,Chicago,Missed,Missed,On-time,Late,Missed,Late
CUST0487,68.0,43732.0,524,0.237266938205536,6.0,0.0,53553.0,0.384283124472843,1.0,4.0,0.0,Houston,On-time,Late,On-time,On-time,On-time,On-time
CUST0488,42.0,188420.0,550,0.38414895343143,1.0,0.0,86846.0,0.420648015541505,3.0,18.0,2.0,New York,On-time,Missed,Late,Missed,Missed,On-time
CUST0489,39.0,115497.0,665,0.309629905065075,3.0,0.0,64110.0,0.318956385643463,2.0,19.0,1.0,New York,Late,Missed,Late,On-time,On-time,Missed
CUST0490,39.0,153877.0,618,0.439276658938448,5.0,0.0,36029.0,0.200723482424817,0.0,13.0,0.0,Los Angeles,On-time,Missed,On-time,On-time,Late,On-time
CUST0491,66.0,54954.0,825,0.761515762151996,2.0,0.0,77743.0,0.378081542781413,2.0,16.0,2.0,Chicago,Late,Missed,On-time,On-time,Missed,On-time
CUST0492,69.0,177993.0,818,0.424544358823262,0.0,0.0,32630.0,0.237539909323166,0.0,17.0,3.0,New York,Missed,Missed,Missed,Late,Late,On-time
CUST0493,59.0,191517.0,813,0.424469827733088,5.0,0.0,23047.0,0.311788450610335,3.0,2.0,2.0,Phoenix,Missed,Missed,Late,Late,On-time,Late
CUST0494,23.0,168487.0,306,0.496720244748842,6.0,0.0,5539.0,0.282864900719638,3.0,1.0,3.0,Chicago,Missed,On-time,On-time,On-time,Missed,On-time
CUST0495,32.0,108941.57629823669,811,0.418875001757586,6.0,1.0,16699.0,0.412469585679689,0.0,0.0,0.0,Chicago,Late,Late,Late,On-time,On-time,On-time
CUST0496,71.0,48307.0,688,0.486521752856361,2.0,0.0,12707.0,0.373032700592332,1.0,9.0,0.0,Phoenix,On-time,On-time,Missed,On-time,On-time,Late
CUST0497,60.0,86180.0,836,0.608173844496269,2.0,1.0,45595.0,0.291943420168762,3.0,18.0,4.0,Houston,On-time,On-time,Late,Late,Late,Missed
CUST0498,54.0,152326.0,847,0.676950210952662,0.0,0.0,44449.0,0.104839280645984,0.0,16.0,4.0,Phoenix,On-time,Late,Late,On-time,Late,Missed
CUST0499,50.0,105852.0,343,0.700642639947804,2.0,1.0,11155.0,0.236477253347079,0.0,11.0,4.0,Phoenix,Late,On-time,Late,Missed,On-time,Missed
CUST0500,25.0,40945.0,442,0.911370444146204,1.0,0.0,36968.0,0.370422228948441,2.0,0.0,0.0,Houston,Missed,Late,Late,On-time,Late,On-time
